"Azioni","Id","Attivo","Titolo","Data Inizio","Data Fine","Ora Inizio Primo Round","Id Esterno","Regola di Calcolo","Licenza","Tipo Unità","Disciplina","Aggiuntiva","Gruppo Età","Classe","Sistema Giudizio Preliminare","Sistema Giudizio Finale","Tipo Calcolo","Prima Età Min","Prima Età Max","Seconda Età Min","Seconda Età Max","Gruppo Età Alternativo","Perc FQ Età","Perc FQ Classe","Membri Min","Membri Max","Genere Esclusivo","Richiesta Musica","Rchiesto Alias","Balli","Sala","Max Registrazioni","Totale Registrazioni","Totale Lista Attesa"
"","7166","","","2025-05-25","2025-05-25","","","DANZA","","Duo","Modern Contemporary","","Under 10 (-10)","U","TCI","TCI","Old/Young","1","10","","","","","","","","","","","Modern Contemporary","","999","",""
"","7165","","","2025-05-25","2025-05-25","","","DANZA","","Duo","Repertorio","","Under 10 (-10)","U","TCI","TCI","Old/Young","1","10","","","","","","","","","","","Danza Classica","","999","",""
"","7164","","","2025-05-25","2025-05-25","","","DANZA","","Duo","Danza Classica","","Under 10 (-10)","U","TCI","TCI","All","1","10","","","","25","25","","","","","","Danza Classica","","999","",""
"","7163","","","2025-05-25","2025-05-25","","","SOCIAL","","Coppie","Divulgativa","","Over 55 (55+)","Beguine","Cross","Skating","Old/Young","55","99","50","99","","","","","","","","","Beguine","","999","4",""
"","7162","","","2025-05-25","2025-05-25","","","SOCIAL","","Coppie","Divulgativa","","Over 16 (16+)","Beguine","Cross","Skating","Old/Young","16","99","","","","","","","","","","","Beguine","","999","",""
"","7161","","","2025-05-25","2025-05-25","","","SOCIAL","","Coppie","Divulgativa","","Under 16 (-16)","Beguine","Cross","Skating","Old/Young","0","15","","","","","","","","","","","Beguine","","999","",""
"","7160","","","2025-05-25","2025-05-25","","","SOCIAL","","Coppie","Divulgativa","","Under 11 (-11)","Beguine","Cross","Skating","Old/Young","0","11","","","","","","","","","","","Beguine","","999","",""
"","7159","","","2025-05-25","2025-05-25","","","SOCIAL","","Coppie","Divulgativa","","Over 35 (35+)","Beguine","Cross","Skating","Old/Young","35","99","30","99","","","","","","","","","Beguine","","999","",""
"","7158","","","2025-05-25","2025-05-25","","","SOCIAL","","Coppie","Divulgativa","","Under 11 (-11)","Slowfox","Cross","Skating","Old/Young","0","11","","","","","","","","","","","Slow Foxtrot","","999","",""
"","7157","","","2025-05-25","2025-05-25","","","SOCIAL","","Coppie","Divulgativa","","Under 16 (-16)","Tango","Cross","Skating","Old/Young","0","15","","","","","","","","","","","Tango","","999","",""
"","7156","","","2025-05-25","2025-05-25","","","SOCIAL","","Coppie","Divulgativa","","Over 16 (16+)","Viennese Waltz","Cross","Skating","Old/Young","16","99","","","","","","","","","","","Viennese Waltz","","999","1",""
"","7155","","","2025-05-25","2025-05-25","","","SOCIAL","","Coppie","Divulgativa","","Over 55 (55+)","Slowfox","Cross","Skating","Old/Young","55","99","50","99","","","","","","","","","Slow Foxtrot","","999","",""
"","7154","","","2025-05-25","2025-05-25","","","SOCIAL","","Coppie","Divulgativa","","Over 35 (35+)","Waltz","Cross","Skating","Old/Young","35","99","30","99","","","","","","","","","Waltz","","999","3",""
"","7153","","","2025-05-25","2025-05-25","","","DANZA","","Formazione","Rueda","","Under 12 (-12)","U","TCI","TCI","All","1","11","","","","25","25","","","","","","Rueda","","999","",""
"","7152","","","2025-05-25","2025-05-25","","","DANZA","","Formazione","Rueda","","Over 16 (16+)","U","TCI","TCI","All","16","99","","","","25","","","","","","","Rueda","","999","",""
"","7151","","","2025-05-25","2025-05-25","","","DANZA","","Formazione","Rueda","","Under 16 (-16)","U","TCI","TCI","All","11","15","","","","25","25","","","","","","Rueda","","999","",""
"","7150","","","2025-05-25","2025-05-25","","","DANZA","","Gruppo","Country Dance","","Under 12 (-12)","U","TCI","TCI","All","1","11","","","","25","25","","","","","","Country Dance","","999","",""
"","7149","","","2025-05-25","2025-05-25","","","DANZA","","Gruppo","Country Dance","","Over 16 (16+)","U","TCI","TCI","All","16","99","","","","25","","","","","","","Country Dance","","999","",""
"","7148","","","2025-05-25","2025-05-25","","","DANZA","","Gruppo","Country Dance","","Under 16 (-16)","U","TCI","TCI","All","11","15","","","","25","25","","","","","","Country Dance","","999","",""
"","7147","","","2025-05-25","2025-05-25","","","DANZA","","Gruppo","Modern Contemporary","","Under 10 (-10)","U","TCI","TCI","All","1","10","","","","25","25","","","","","","Modern Contemporary","","999","1",""
"","7146","","","2025-05-25","2025-05-25","","","DANZA","","Duo","Modern Contemporary","","Under 16 (-16)","U","TCI","TCI","Old/Young","1","10","","","","","","","","","","","Modern Contemporary","","999","",""
"","7145","","","2025-05-25","2025-05-25","","","DANZA","","Duo","Modern Contemporary","","Over 16 (16+)","U","TCI","TCI","Old/Young","16","99","","","","","","","","","","","Modern Contemporary","","999","",""
"","7144","","","2025-05-25","2025-05-25","","","DANZA","","Duo","Modern Contemporary","","Under 16 (-16)","U","TCI","TCI","Old/Young","11","15","","","","","","","","","","","Modern Contemporary","","999","",""
"","7143","","","2025-05-25","2025-05-25","","","DANZA","","Gruppo","Modern Contemporary","","Over 16 (16+)","U","TCI","TCI","All","16","99","","","","25","","","","","","","Modern Contemporary","","999","",""
"","7142","","","2025-05-25","2025-05-25","","","DANZA","","Gruppo","Modern Contemporary","","Under 16 (-16)","U","TCI","TCI","All","11","15","","","","50","50","","","","","","Modern Contemporary","","999","1",""
"","7141","","","2025-05-25","2025-05-25","","","DANZA","","Solo","Modern Contemporary","","Over 16 (16+)","U","TCI","TCI","Old/Young","16","99","","","","","","","","","","","Modern Contemporary","","999","",""
"","7140","","","2025-05-25","2025-05-25","","","DANZA","","Solo","Modern Contemporary","","Under 16 (-16)","U","TCI","TCI","Old/Young","11","15","","","","","","","","","","","Modern Contemporary","","999","",""
"","7139","","","2025-05-25","2025-05-25","","","DANZA","","Solo","Modern Contemporary","","Under 10 (-10)","U","TCI","TCI","Old/Young","1","10","","","","","","","","","","","Modern Contemporary","","999","",""
"","7129","","","2025-05-25","2025-05-25","","","DANZA","","Gruppo","Repertorio","","Under 10 (-10)","U","TCI","TCI","All","1","10","","","","25","25","","","","","","Danza Classica","","999","",""
"","7128","","","2025-05-25","2025-05-25","","","DANZA","","Duo","Repertorio","","Under 16 (-16)","U","TCI","TCI","Old/Young","1","10","","","","","","","","","","","Danza Classica","","999","",""
"","7127","","","2025-05-25","2025-05-25","","","DANZA","","Duo","Repertorio","","Over 16 (16+)","U","TCI","TCI","Old/Young","16","99","","","","","","","","","","","Danza Classica","","999","",""
"","7126","","","2025-05-25","2025-05-25","","","DANZA","","Duo","Repertorio","","Under 16 (-16)","U","TCI","TCI","Old/Young","11","15","","","","","","","","","","","Danza Classica","","999","",""
"","7125","","","2025-05-25","2025-05-25","","","DANZA","","Gruppo","Repertorio","","Over 16 (16+)","U","TCI","TCI","All","16","99","","","","25","","","","","","","Danza Classica","","999","",""
"","7124","","","2025-05-25","2025-05-25","","","DANZA","","Gruppo","Repertorio","","Under 16 (-16)","U","TCI","TCI","All","1","15","","","","25","25","","","","","","Danza Classica","","999","2",""
"","7123","","","2025-05-25","2025-05-25","","","DANZA","","Solo","Repertorio","","Over 16 (16+)","U","TCI","TCI","Old/Young","16","99","","","","","","","","","","","Danza Classica","","999","",""
"","7122","","","2025-05-25","2025-05-25","","","DANZA","","Solo","Repertorio","","Under 16 (-16)","U","TCI","TCI","Old/Young","11","15","","","","","","","","","","","Danza Classica","","999","",""
"","7121","","","2025-05-25","2025-05-25","","","DANZA","","Solo","Repertorio","","Under 10 (-10)","U","TCI","TCI","Old/Young","1","10","","","","","","","","","","","Danza Classica","","999","",""
"","7120","","","2025-05-25","2025-05-25","","","DANZA","","Duo","Danza Classica","","Under 16 (-16)","U","TCI","TCI","Old/Young","1","10","","","","","","","","","","","Danza Classica","","999","",""
"","7119","","","2025-05-25","2025-05-25","","","DANZA","","Duo","Danza Classica","","Over 16 (16+)","U","TCI","TCI","Old/Young","16","99","","","","","","","","","","","Danza Classica","","999","",""
"","7118","","","2025-05-25","2025-05-25","","","DANZA","","Duo","Danza Classica","","Under 16 (-16)","U","TCI","TCI","Old/Young","11","15","","","","","","","","","","","Danza Classica","","999","",""
"","7117","","","2025-05-25","2025-05-25","","","DANZA","","Gruppo","Danza Classica","","Over 16 (16+)","U","TCI","TCI","All","16","99","","","","25","","","","","","","Danza Classica","","999","",""
"","7116","","","2025-05-25","2025-05-25","","","DANZA","","Gruppo","Danza Classica","","Under 16 (-16)","U","TCI","TCI","All","11","15","","","","25","25","","","","","","Danza Classica","","999","1",""
"","7115","","","2025-05-25","2025-05-25","","","DANZA","","Gruppo","Danza Classica","","Under 10 (-10)","U","TCI","TCI","All","1","10","","","","25","25","","","","","","Danza Classica","","999","1",""
"","7114","","","2025-05-25","2025-05-25","","","DANZA","","Solo","Danza Classica","","Over 16 (16+)","U","TCI","TCI","Old/Young","16","99","","","","","","","","","","","Danza Classica","","999","",""
"","7113","","","2025-05-25","2025-05-25","","","DANZA","","Solo","Danza Classica","","Under 16 (-16)","U","TCI","TCI","Old/Young","11","15","","","","","","","","","","","Danza Classica","","999","1",""
"","7112","","","2025-05-25","2025-05-25","","","DANZA","","Solo","Danza Classica","","Under 10 (-10)","U","TCI","TCI","Old/Young","1","10","","","","","","","","","","","Danza Classica","","999","2",""
"","7111","","","2025-05-25","2025-05-25","","","DANZA","","Duo","Street Dance Show","","Under 16 (-16)","U","TCIS","TCIS","Old/Young","1","10","","","","","","","","","","","Street Dance Show","","999","",""
"","7110","","","2025-05-25","2025-05-25","","","DANZA","","Duo","Street Dance Show","","Over 16 (16+)","U","TCIS","TCIS","Old/Young","16","99","","","","","","","","","","","Street Dance Show","","999","",""
"","7109","","","2025-05-25","2025-05-25","","","DANZA","","Duo","Street Dance Show","","Under 16 (-16)","U","TCIS","TCIS","Old/Young","11","15","","","","","","","","","","","Street Dance Show","","999","",""
"","7108","","","2025-05-25","2025-05-25","","","DANZA","","Gruppo","Street Dance Show","","Over 16 (16+)","U","TCIS","TCIS","All","16","99","","","","50","50","","","","","","Street Dance Show","","999","",""
"","7107","","","2025-05-25","2025-05-25","","","DANZA","","Gruppo","Street Dance Show","","Under 16 (-16)","U","TCIS","TCIS","All","11","15","","","","50","50","","","","","","Street Dance Show","","999","2",""
"","7106","","","2025-05-25","2025-05-25","","","DANZA","","Gruppo","Street Dance Show","","Under 12 (-12)","U","TCIS","TCIS","All","1","11","","","","25","25","","","","","","Street Dance Show","","999","",""
"","7105","","","2025-05-25","2025-05-25","","","DANZA","","Solo","Street Dance Show","","Over 16 (16+)","U","TCIS","TCIS","Old/Young","16","99","","","","","","","","","","","Street Dance Show","","999","",""
"","7104","","","2025-05-25","2025-05-25","","","DANZA","","Solo","Street Dance Show","","Under 16 (-16)","U","TCIS","TCIS","Old/Young","11","15","","","","","","","","","","","Street Dance Show","","999","",""
"","7103","","","2025-05-25","2025-05-25","","","DANZA","","Solo","Street Dance Show","","Under 12 (-12)","U","TCIS","TCIS","Old/Young","1","10","","","","","","","","","","","Street Dance Show","","999","1",""
"","7102","","","2025-05-25","2025-05-25","","","SOLO&DUO","","Duo","Show Dance","","Under 15 (-15)","U","TCIS","TCIS","Old/Young","0","15","","","","","","","","","","","Show Dance","","999","",""
"","7101","","","2025-05-25","2025-05-25","","","SOLO&DUO","","Solo","Show Dance","","Under 15 (-15)","U","TCIS","TCIS","Old/Young","0","15","","","","","","","","","","","Show Dance","","999","1",""
"","7100","","","2025-05-25","2025-05-25","","","SOLO&DUO","","Duo","Caribbean Show Dance","","Under 15 (-15)","U","TCIS","TCIS","Old/Young","0","15","","","","","","","","","","","Caribbean Show Dance","","999","",""
"","7099","","","2025-05-25","2025-05-25","","","SOLO&DUO","","Solo","Caribbean Show Dance","","Under 15 (-15)","U","TCIS","TCIS","Old/Young","0","15","","","","","","","","","","","Caribbean Show Dance","","999","",""
"","7098","","","2025-05-25","2025-05-25","","","SOLO&DUO","","Duo","Latin Style Tecnica Jive","","Over 35 (35+)","D","Cross","Skating","All","35","99","","","","","","","","","","","Jive","","999","",""
"","7097","","","2025-05-25","2025-05-25","","","SOLO&DUO","","Duo","Latin Style Tecnica Jive","","Over 16 (16+)","D","Cross","Skating","All","16","99","","","","","","","","","","","Jive","","999","",""
"","7096","","","2025-05-25","2025-05-25","","","SOLO&DUO","","Duo","Latin Style Tecnica Jive","","Under 16 (-16)","D","Cross","Skating","All","0","15","","","","","","","","","","","Jive","","999","",""
"","7095","","","2025-05-25","2025-05-25","","","SOLO&DUO","","Duo","Latin Style Tecnica Jive","","Under 12 (-12)","D","Cross","Skating","All","0","11","","","","","","","","","","","Jive","","999","",""
"","7094","","","2025-05-25","2025-05-25","","","SOLO&DUO","","Duo","Latin Style Tecnica Paso Doble","","Over 35 (35+)","D","Cross","Skating","All","35","99","","","","","","","","","","","Paso Doble","","999","",""
"","7093","","","2025-05-25","2025-05-25","","","SOLO&DUO","","Duo","Latin Style Tecnica Paso Doble","","Over 16 (16+)","D","Cross","Skating","All","16","99","","","","","","","","","","","Paso Doble","","999","",""
"","7092","","","2025-05-25","2025-05-25","","","SOLO&DUO","","Duo","Latin Style Tecnica Paso Doble","","Under 16 (-16)","D","Cross","Skating","All","0","15","","","","","","","","","","","Paso Doble","","999","",""
"","7091","","","2025-05-25","2025-05-25","","","SOLO&DUO","","Duo","Latin Style Tecnica Paso Doble","","Under 12 (-12)","D","Cross","Skating","All","0","11","","","","","","","","","","","Paso Doble","","999","",""
"","7090","","","2025-05-25","2025-05-25","","","SOLO&DUO","","Duo","Latin Style Tecnica Samba","","Over 35 (35+)","D","Cross","Skating","All","35","99","","","","","","","","","","","Samba","","999","",""
"","7089","","","2025-05-25","2025-05-25","","","SOLO&DUO","","Duo","Latin Style Tecnica Samba","","Over 16 (16+)","D","Cross","Skating","All","16","99","","","","","","","","","","","Samba","","999","",""
"","7088","","","2025-05-25","2025-05-25","","","SOLO&DUO","","Duo","Latin Style Tecnica Samba","","Under 16 (-16)","D","Cross","Skating","All","0","15","","","","","","","","","","","Samba","","999","",""
"","7087","","","2025-05-25","2025-05-25","","","SOLO&DUO","","Duo","Latin Style Tecnica Samba","","Under 12 (-12)","D","Cross","Skating","All","0","11","","","","","","","","","","","Samba","","999","",""
"","7086","","","2025-05-25","2025-05-25","","","SOLO&DUO","","Duo","Latin Style Tecnica Rumba","","Over 35 (35+)","D","Cross","Skating","All","35","99","","","","","","","","","","","Rumba","","999","",""
"","7085","","","2025-05-25","2025-05-25","","","SOLO&DUO","","Duo","Latin Style Tecnica Rumba","","Over 16 (16+)","D","Cross","Skating","All","16","99","","","","","","","","","","","Rumba","","999","",""
"","7084","","","2025-05-25","2025-05-25","","","SOLO&DUO","","Duo","Latin Style Tecnica Rumba","","Under 16 (-16)","D","Cross","Skating","All","0","15","","","","","","","","","","","Rumba","","999","",""
"","7083","","","2025-05-25","2025-05-25","","","SOLO&DUO","","Duo","Latin Style Tecnica Rumba","","Under 12 (-12)","D","Cross","Skating","All","0","11","","","","","","","","","","","Rumba","","999","",""
"","7082","","","2025-05-25","2025-05-25","","","SOLO&DUO","","Duo","Latin Style Tecnica Cha Cha Cha","","Over 35 (35+)","D","Cross","Skating","All","35","99","","","","","","","","","","","Cha Cha Cha","","999","",""
"","7081","","","2025-05-25","2025-05-25","","","SOLO&DUO","","Duo","Latin Style Tecnica Cha Cha Cha","","Over 16 (16+)","D","Cross","Skating","All","16","99","","","","","","","","","","","Cha Cha Cha","","999","",""
"","7080","","","2025-05-25","2025-05-25","","","SOLO&DUO","","Duo","Latin Style Tecnica Cha Cha Cha","","Under 16 (-16)","D","Cross","Skating","All","0","15","","","","","","","","","","","Cha Cha Cha","","999","",""
"","7079","","","2025-05-25","2025-05-25","","","SOLO&DUO","","Duo","Latin Style Tecnica Cha Cha Cha","","Under 12 (-12)","D","Cross","Skating","All","0","11","","","","","","","","","","","Cha Cha Cha","","999","2",""
"","7078","","","2025-05-25","2025-05-25","","","SOLO&DUO","","Solo","Latin Style Tecnica Jive","","Over 35 (35+)","D","Cross","Skating","All","35","99","","","","","","","","","","","Jive","","999","",""
"","7077","","","2025-05-25","2025-05-25","","","SOLO&DUO","","Solo","Latin Style Tecnica Jive","","Over 16 (16+)","D","Cross","Skating","All","16","99","","","","","","","","","","","Jive","","999","2",""
"","7076","","","2025-05-25","2025-05-25","","","SOLO&DUO","","Solo","Latin Style Tecnica Jive","","Under 16 (-16)","D","Cross","Skating","All","0","15","","","","","","","","","","","Jive","","999","6",""
"","7075","","","2025-05-25","2025-05-25","","","SOLO&DUO","","Solo","Latin Style Tecnica Jive","","Under 12 (-12)","D","Cross","Skating","All","0","11","","","","","","","","","","","Jive","","999","10",""
"","7074","","","2025-05-25","2025-05-25","","","SOLO&DUO","","Solo","Latin Style Tecnica Paso Doble","","Over 35 (35+)","D","Cross","Skating","All","35","99","","","","","","","","","","","Paso Doble","","999","",""
"","7073","","","2025-05-25","2025-05-25","","","SOLO&DUO","","Solo","Latin Style Tecnica Paso Doble","","Over 16 (16+)","D","Cross","Skating","All","16","99","","","","","","","","","","","Paso Doble","","999","",""
"","7072","","","2025-05-25","2025-05-25","","","SOLO&DUO","","Solo","Latin Style Tecnica Paso Doble","","Under 16 (-16)","D","Cross","Skating","All","0","15","","","","","","","","","","","Paso Doble","","999","",""
"","7071","","","2025-05-25","2025-05-25","","","SOLO&DUO","","Solo","Latin Style Tecnica Paso Doble","","Under 12 (-12)","D","Cross","Skating","All","0","11","","","","","","","","","","","Paso Doble","","999","",""
"","7070","","","2025-05-25","2025-05-25","","","SOLO&DUO","","Solo","Latin Style Tecnica Samba","","Over 35 (35+)","D","Cross","Skating","All","35","99","","","","","","","","","","","Samba","","999","",""
"","7069","","","2025-05-25","2025-05-25","","","SOLO&DUO","","Solo","Latin Style Tecnica Samba","","Over 16 (16+)","D","Cross","Skating","All","16","99","","","","","","","","","","","Samba","","999","3",""
"","7068","","","2025-05-25","2025-05-25","","","SOLO&DUO","","Solo","Latin Style Tecnica Samba","","Under 16 (-16)","D","Cross","Skating","All","0","15","","","","","","","","","","","Samba","","999","8",""
"","7067","","","2025-05-25","2025-05-25","","","SOLO&DUO","","Solo","Latin Style Tecnica Samba","","Under 12 (-12)","D","Cross","Skating","All","0","11","","","","","","","","","","","Samba","","999","16",""
"","7066","","","2025-05-25","2025-05-25","","","SOLO&DUO","","Solo","Latin Style Tecnica Rumba","","Over 35 (35+)","D","Cross","Skating","All","35","99","","","","","","","","","","","Rumba","","999","",""
"","7065","","","2025-05-25","2025-05-25","","","SOLO&DUO","","Solo","Latin Style Tecnica Rumba","","Over 16 (16+)","D","Cross","Skating","All","16","99","","","","","","","","","","","Rumba","","999","3",""
"","7064","","","2025-05-25","2025-05-25","","","SOLO&DUO","","Solo","Latin Style Tecnica Rumba","","Under 16 (-16)","D","Cross","Skating","All","0","15","","","","","","","","","","","Rumba","","999","10",""
"","7063","","","2025-05-25","2025-05-25","","","SOLO&DUO","","Solo","Latin Style Tecnica Rumba","","Under 12 (-12)","D","Cross","Skating","All","0","11","","","","","","","","","","","Rumba","","999","15",""
"","7062","","","2025-05-25","2025-05-25","","","SOLO&DUO","","Solo","Latin Style Tecnica Cha Cha Cha","","Over 35 (35+)","D","Cross","Skating","All","35","99","","","","","","","","","","","Cha Cha Cha","","999","",""
"","7061","","","2025-05-25","2025-05-25","","","SOLO&DUO","","Solo","Latin Style Tecnica Cha Cha Cha","","Over 16 (16+)","D","Cross","Skating","All","16","99","","","","","","","","","","","Cha Cha Cha","","999","5",""
"","7060","","","2025-05-25","2025-05-25","","","SOLO&DUO","","Solo","Latin Style Tecnica Cha Cha Cha","","Under 16 (-16)","D","Cross","Skating","All","0","15","","","","","","","","","","","Cha Cha Cha","","999","11",""
"","7059","","","2025-05-25","2025-05-25","","","SOLO&DUO","","Solo","Latin Style Tecnica Cha Cha Cha","","Under 12 (-12)","D","Cross","Skating","All","0","11","","","","","","","","","","","Cha Cha Cha","","999","16",""
"","7058","","","2025-05-25","2025-05-25","","","COPPIA","","Coppie","Danze Afro Latine","","Over 16 (16+)","U","Cross","Skating","Old/Young","16","99","","","","","","","","","","","Kizomba","","999","",""
"","7057","","Over 35 Caraibiche - Bachata","2025-05-25","2025-05-25","","","COPPIA","","Coppie","Danze Caraibiche","","Over 35 (35+)","B","Cross","Skating","Old/Young","35","99","","","","","","","","","","","Bachata","","999","",""
"","7056","","Over 35 Caraibiche - Merengue","2025-05-25","2025-05-25","","","COPPIA","","Coppie","Danze Caraibiche","","Over 35 (35+)","B","Cross","Skating","Old/Young","35","99","","","","","","","","","","","Merengue","","999","",""
"","7055","","Over 35 Caraibiche - Salsa","2025-05-25","2025-05-25","","","COPPIA","","Coppie","Danze Caraibiche","","Over 35 (35+)","B","Cross","Skating","Old/Young","35","99","","","","","","","","","","","Salsa Cuban Style","","999","",""
"","7054","","Over 16 Caraibiche - Bachata","2025-05-25","2025-05-25","","","COPPIA","","Coppie","Danze Caraibiche","","Over 16 (16+)","B","Cross","Skating","Old/Young","16","99","","","","","","","","","","","Bachata","","999","",""
"","7053","","Over 16 Caraibiche - Merengue","2025-05-25","2025-05-25","","","COPPIA","","Coppie","Danze Caraibiche","","Over 16 (16+)","B","Cross","Skating","Old/Young","16","99","","","","","","","","","","","Merengue","","999","",""
"","7052","","Over 16 Caraibiche - Salsa","2025-05-25","2025-05-25","","","COPPIA","","Coppie","Danze Caraibiche","","Over 16 (16+)","B","Cross","Skating","Old/Young","16","99","","","","","","","","","","","Salsa Cuban Style","","999","",""
"","7051","","","2025-05-25","2025-05-25","","","SOLO&DUO","","Duo","Caribbean Show Dance","","Over 35 (35+)","U","TCIS","TCIS","Old/Young","35","99","","","","","","","","","","","Caribbean Show Dance","","999","",""
"","7050","","","2025-05-25","2025-05-25","","","SOLO&DUO","","Duo","Caribbean Show Dance","","Over 16 (16+)","U","TCIS","TCIS","Old/Young","16","99","","","","","","","","","","","Caribbean Show Dance","","999","1",""
"","7049","","","2025-05-25","2025-05-25","","","SOLO&DUO","","Solo","Caribbean Show Dance","","Over 35 (35+)","U","TCIS","TCIS","Old/Young","35","99","","","","","","","","","","","Caribbean Show Dance","","999","",""
"","7048","","","2025-05-25","2025-05-25","","","SOLO&DUO","","Solo","Caribbean Show Dance","","Over 16 (16+)","U","TCIS","TCIS","Old/Young","16","99","","","","","","","","","","","Caribbean Show Dance","","999","1",""
"","7047","","","2025-05-25","2025-05-25","","","SOLO&DUO","","Duo","Show Dance","","Over 35 (35+)","U","TCIS","TCIS","Old/Young","35","99","","","","","","","","","","","Show Dance","","999","",""
"","7046","","","2025-05-25","2025-05-25","","","SOLO&DUO","","Duo","Show Dance","","Over 16 (16+)","U","TCIS","TCIS","Old/Young","16","99","","","","","","","","","","","Show Dance","","999","",""
"","7045","","","2025-05-25","2025-05-25","","","SOLO&DUO","","Solo","Show Dance","","Over 35 (35+)","U","TCIS","TCIS","Old/Young","35","99","","","","","","","","","","","Show Dance","","999","",""
"","7044","","","2025-05-25","2025-05-25","","","SOLO&DUO","","Solo","Show Dance","","Over 16 (16+)","U","TCIS","TCIS","Old/Young","16","99","","","","","","","","","","","Show Dance","","999","",""
"","7043","","","2025-05-25","2025-05-25","","","SOCIAL","","Coppie","Divulgativa","","Open","Salsa","Cross","Skating","Old/Young","0","99","","","","","","","","","","","Salsa Cuban Style","","999","14",""
"","7042","","","2025-05-25","2025-05-25","","","SOCIAL","","Coppie","Divulgativa","","Open","Cha Cha Cha","Cross","Skating","Old/Young","0","99","","","","","","","","","","","Cha Cha Cha","","999","4",""
"","7041","","","2025-05-25","2025-05-25","","","SOCIAL","","Coppie","Divulgativa","","Open","Foxtrot","Cross","Skating","Old/Young","0","99","","","","","","","","","","","Foxtrot","","999","13",""
"","7040","","","2025-05-25","2025-05-25","","","SOCIAL","","Coppie","Divulgativa","","Open","Mazurka","Cross","Skating","Old/Young","0","99","","","","","","","","","","","Mazurca","","999","9",""
"","7039","","","2025-05-25","2025-05-25","","","SOCIAL","","Coppie","Divulgativa","","Over 55 (55+)","SA+BA","Cross","Skating","Old/Young","55","99","","","","","","","","","","","Bachata, Salsa Cuban Style","","999","10",""
"","7038","","","2025-05-25","2025-05-25","","","SOCIAL","","Coppie","Divulgativa","","Over 35 (35+)","SA+BA","Cross","Skating","Old/Young","35","99","","","","","","","","","","","Bachata, Salsa Cuban Style","","999","12",""
"","7037","","","2025-05-25","2025-05-25","","","SOCIAL","","Coppie","Divulgativa","","Over 16 (16+)","SA+BA","Cross","Skating","Old/Young","16","99","","","","","","","","","","","Bachata, Salsa Cuban Style","","999","3",""
"","7036","","","2025-05-25","2025-05-25","","","SOCIAL","","Coppie","Divulgativa","","Under 16 (-16)","SA+BA","Cross","Skating","Old/Young","0","15","","","","","","","","","","","Bachata, Salsa Cuban Style","","999","",""
"","7035","","","2025-05-25","2025-05-25","","","SOCIAL","","Coppie","Divulgativa","","Under 11 (-11)","SA+BA","Cross","Skating","Old/Young","0","11","","","","","","","","","","","Bachata, Salsa Cuban Style","","999","",""
"","7034","","","2025-05-25","2025-05-25","","","SOCIAL","","Coppie","Divulgativa","","Over 55 (55+)","CC+RU","Cross","Skating","Old/Young","55","99","","","","","","","","","","","Cha Cha Cha, Rumba","","999","1",""
"","7033","","","2025-05-25","2025-05-25","","","SOCIAL","","Coppie","Divulgativa","","Over 35 (35+)","CC+RU","Cross","Skating","Old/Young","35","99","","","","","","","","","","","Cha Cha Cha, Rumba","","999","1",""
"","7032","","","2025-05-25","2025-05-25","","","SOCIAL","","Coppie","Divulgativa","","Over 16 (16+)","CC+RU","Cross","Skating","Old/Young","16","99","","","","","","","","","","","Cha Cha Cha, Rumba","","999","",""
"","7031","","","2025-05-25","2025-05-25","","","SOCIAL","","Coppie","Divulgativa","","Under 16 (-16)","CC+RU","Cross","Skating","Old/Young","0","15","","","","","","","","","","","Cha Cha Cha, Rumba","","999","1",""
"","7030","","","2025-05-25","2025-05-25","","","SOCIAL","","Coppie","Divulgativa","","Under 11 (-11)","CC+RU","Cross","Skating","Old/Young","0","11","","","","","","","","","","","Cha Cha Cha, Rumba","","999","2",""
"","7029","","","2025-05-25","2025-05-25","","","SOCIAL","","Coppie","Divulgativa","","Over 55 (55+)","MK+FT","Cross","Skating","Old/Young","55","99","","","","","","","","","","","Foxtrot, Mazurca","","999","7",""
"","7028","","","2025-05-25","2025-05-25","","","SOCIAL","","Coppie","Divulgativa","","Over 35 (35+)","MK+FT","Cross","Skating","Old/Young","35","99","","","","","","","","","","","Foxtrot, Mazurca","","999","2",""
"","7027","","","2025-05-25","2025-05-25","","","SOCIAL","","Coppie","Divulgativa","","Over 16 (16+)","MK+FT","Cross","Skating","Old/Young","16","99","","","","","","","","","","","Foxtrot, Mazurca","","999","1",""
"","7026","","","2025-05-25","2025-05-25","","","SOCIAL","","Coppie","Divulgativa","","Under 16 (-16)","MK+FT","Cross","Skating","Old/Young","0","15","","","","","","","","","","","Foxtrot, Mazurca","","999","",""
"","7025","","","2025-05-25","2025-05-25","","","SOCIAL","","Coppie","Divulgativa","","Under 11 (-11)","MK+FT","Cross","Skating","Old/Young","0","11","","","","","","","","","","","Foxtrot, Mazurca","","999","",""
"","7024","","","2025-05-25","2025-05-25","","","SOCIAL","","Coppie","Divulgativa","","Over 55 (55+)","VL+TA","Cross","Skating","Old/Young","55","99","","","","","","","","","","","Waltz, Tango","","999","5",""
"","7023","","","2025-05-25","2025-05-25","","","SOCIAL","","Coppie","Divulgativa","","Over 35 (35+)","VL+TA","Cross","Skating","Old/Young","35","99","","","","","","","","","","","Waltz, Tango","","999","",""
"","7022","","","2025-05-25","2025-05-25","","","SOCIAL","","Coppie","Divulgativa","","Over 16 (16+)","VL+TA","Cross","Skating","Old/Young","16","99","","","","","","","","","","","Waltz, Tango","","999","1",""
"","7021","","","2025-05-25","2025-05-25","","","SOCIAL","","Coppie","Divulgativa","","Under 16 (-16)","VL+TA","Cross","Skating","Old/Young","0","15","","","","","","","","","","","Waltz, Tango","","999","",""
"","7020","","","2025-05-25","2025-05-25","","","SOCIAL","","Coppie","Divulgativa","","Under 11 (-11)","VL+TA","Cross","Skating","Old/Young","0","11","","","","","","","","","","","Waltz, Tango","","999","",""
"","7019","","","2025-05-25","2025-05-25","","","SOCIAL","","Coppie","Divulgativa","","Over 55 (55+)","Milonga","Cross","Skating","Old/Young","55","99","","","","","","","","","","","Milonga","","999","",""
"","7018","","","2025-05-25","2025-05-25","","","SOCIAL","","Coppie","Divulgativa","","Over 35 (35+)","Milonga","Cross","Skating","Old/Young","35","99","","","","","","","","","","","Milonga","","999","",""
"","7017","","","2025-05-25","2025-05-25","","","SOCIAL","","Coppie","Divulgativa","","Over 16 (16+)","Milonga","Cross","Skating","Old/Young","16","99","","","","","","","","","","","Milonga","","999","",""
"","7016","","","2025-05-25","2025-05-25","","","SOCIAL","","Coppie","Divulgativa","","Under 16 (-16)","Milonga","Cross","Skating","Old/Young","0","15","","","","","","","","","","","Milonga","","999","",""
"","7015","","","2025-05-25","2025-05-25","","","SOCIAL","","Coppie","Divulgativa","","Under 11 (-11)","Milonga","Cross","Skating","Old/Young","0","11","","","","","","","","","","","Milonga","","999","",""
"","7014","","","2025-05-25","2025-05-25","","","SOCIAL","","Coppie","Divulgativa","","Over 55 (55+)","Tango Vals","Cross","Skating","Old/Young","55","99","","","","","","","","","","","Vals","","999","",""
"","7013","","","2025-05-25","2025-05-25","","","SOCIAL","","Coppie","Divulgativa","","Over 35 (35+)","Tango Vals","Cross","Skating","Old/Young","35","99","","","","","","","","","","","Vals","","999","",""
"","7012","","","2025-05-25","2025-05-25","","","SOCIAL","","Coppie","Divulgativa","","Over 16 (16+)","Tango Vals","Cross","Skating","Old/Young","16","99","","","","","","","","","","","Vals","","999","",""
"","7011","","","2025-05-25","2025-05-25","","","SOCIAL","","Coppie","Divulgativa","","Under 16 (-16)","Tango Vals","Cross","Skating","Old/Young","0","15","","","","","","","","","","","Vals","","999","",""
"","7010","","","2025-05-25","2025-05-25","","","SOCIAL","","Coppie","Divulgativa","","Under 11 (-11)","Tango Vals","Cross","Skating","Old/Young","0","11","","","","","","","","","","","Vals","","999","",""
"","7009","","","2025-05-25","2025-05-25","","","SOCIAL","","Coppie","Divulgativa","","Over 55 (55+)","Tango Argentino","Cross","Skating","Old/Young","55","99","","","","","","","","","","","Tango","","999","",""
"","7008","","","2025-05-25","2025-05-25","","","SOCIAL","","Coppie","Divulgativa","","Over 35 (35+)","Tango Argentino","Cross","Skating","Old/Young","35","99","","","","","","","","","","","Tango","","999","",""
"","7007","","","2025-05-25","2025-05-25","","","SOCIAL","","Coppie","Divulgativa","","Over 16 (16+)","Tango Argentino","Cross","Skating","Old/Young","16","99","","","","","","","","","","","Tango","","999","",""
"","7006","","","2025-05-25","2025-05-25","","","SOCIAL","","Coppie","Divulgativa","","Over 16 (16+)","Tango Argentino","Cross","Skating","Old/Young","16","99","","","","","","","","","","","Tango","","999","",""
"","7005","","","2025-05-25","2025-05-25","","","SOCIAL","","Coppie","Divulgativa","","Under 16 (-16)","Tango Argentino","Cross","Skating","Old/Young","0","15","","","","","","","","","","","Tango","","999","",""
"","7004","","","2025-05-25","2025-05-25","","","SOCIAL","","Coppie","Divulgativa","","Under 11 (-11)","Tango Argentino","Cross","Skating","Old/Young","0","11","","","","","","","","","","","Tango","","999","",""
"","7003","","","2025-05-25","2025-05-25","","","SOCIAL","","Coppie","Divulgativa","","Over 55 (55+)","Merengue","Cross","Skating","Old/Young","55","99","","","","","","","","","","","Merengue","","999","2",""
"","7002","","","2025-05-25","2025-05-25","","","SOCIAL","","Coppie","Divulgativa","","Over 35 (35+)","Merengue","Cross","Skating","Old/Young","35","99","","","","","","","","","","","Merengue","","999","2",""
"","7001","","","2025-05-25","2025-05-25","","","SOCIAL","","Coppie","Divulgativa","","Over 16 (16+)","Merengue","Cross","Skating","Old/Young","16","99","","","","","","","","","","","Merengue","","999","",""
"","7000","","","2025-05-25","2025-05-25","","","SOCIAL","","Coppie","Divulgativa","","Under 16 (-16)","Merengue","Cross","Skating","Old/Young","0","15","","","","","","","","","","","Merengue","","999","",""
"","6999","","","2025-05-25","2025-05-25","","","SOCIAL","","Coppie","Divulgativa","","Under 11 (-11)","Merengue","Cross","Skating","Old/Young","0","11","","","","","","","","","","","Merengue","","999","",""
"","6998","","","2025-05-25","2025-05-25","","","SOCIAL","","Coppie","Divulgativa","","Over 55 (55+)","Bachata","Cross","Skating","Old/Young","55","99","","","","","","","","","","","Bachata","","999","11",""
"","6997","","","2025-05-25","2025-05-25","","","SOCIAL","","Coppie","Divulgativa","","Over 35 (35+)","Bachata","Cross","Skating","Old/Young","35","99","","","","","","","","","","","Bachata","","999","15",""
"","6996","","","2025-05-25","2025-05-25","","","SOCIAL","","Coppie","Divulgativa","","Over 16 (16+)","Bachata","Cross","Skating","Old/Young","16","99","","","","","","","","","","","Bachata","","999","3",""
"","6995","","","2025-05-25","2025-05-25","","","SOCIAL","","Coppie","Divulgativa","","Under 16 (-16)","Bachata","Cross","Skating","Old/Young","0","15","","","","","","","","","","","Bachata","","999","",""
"","6994","","","2025-05-25","2025-05-25","","","SOCIAL","","Coppie","Divulgativa","","Under 11 (-11)","Bachata","Cross","Skating","Old/Young","0","11","","","","","","","","","","","Bachata","","999","",""
"","6993","","","2025-05-25","2025-05-25","","","SOCIAL","","Coppie","Divulgativa","","Over 55 (55+)","Salsa","Cross","Skating","Old/Young","55","99","","","","","","","","","","","Salsa Cuban Style","","999","10",""
"","6992","","","2025-05-25","2025-05-25","","","SOCIAL","","Coppie","Divulgativa","","Over 35 (35+)","Salsa","Cross","Skating","Old/Young","35","99","","","","","","","","","","","Salsa Cuban Style","","999","13",""
"","6991","","","2025-05-25","2025-05-25","","","SOCIAL","","Coppie","Divulgativa","","Over 16 (16+)","Salsa","Cross","Skating","Old/Young","16","99","","","","","","","","","","","Salsa Cuban Style","","999","3",""
"","6990","","","2025-05-25","2025-05-25","","","SOCIAL","","Coppie","Divulgativa","","Under 16 (-16)","Salsa","Cross","Skating","Old/Young","0","15","","","","","","","","","","","Salsa Cuban Style","","999","",""
"","6989","","","2025-05-25","2025-05-25","","","SOCIAL","","Coppie","Divulgativa","","Under 11 (-11)","Salsa","Cross","Skating","Old/Young","0","11","","","","","","","","","","","Salsa Cuban Style","","999","",""
"","6988","","","2025-05-25","2025-05-25","","","SOCIAL","","Coppie","Divulgativa","","Over 55 (55+)","Foxtrot","Cross","Skating","Old/Young","55","99","","","","","","","","","","","Foxtrot","","999","14",""
"","6987","","","2025-05-25","2025-05-25","","","SOCIAL","","Coppie","Divulgativa","","Over 35 (35+)","Foxtrot","Cross","Skating","Old/Young","35","99","","","","","","","","","","","Foxtrot","","999","6",""
"","6986","","","2025-05-25","2025-05-25","","","SOCIAL","","Coppie","Divulgativa","","Over 55 (55+)","Polka","Cross","Skating","Old/Young","55","99","","","","","","","","","","","Polca","","999","1",""
"","6985","","","2025-05-25","2025-05-25","","","SOCIAL","","Coppie","Divulgativa","","Over 35 (35+)","Polka","Cross","Skating","Old/Young","35","99","","","","","","","","","","","Polca","","999","",""
"","6984","","","2025-05-25","2025-05-25","","","SOCIAL","","Coppie","Divulgativa","","Over 55 (55+)","Mazurka","Cross","Skating","Old/Young","55","99","","","","","","","","","","","Mazurca","","999","9",""
"","6983","","","2025-05-25","2025-05-25","","","SOCIAL","","Coppie","Divulgativa","","Over 35 (35+)","Mazurka","Cross","Skating","Old/Young","35","99","","","","","","","","","","","Mazurca","","999","2",""
"","6982","","","2025-05-25","2025-05-25","","","SOCIAL","","Coppie","Divulgativa","","Over 16 (16+)","Foxtrot","Cross","Skating","Old/Young","16","99","","","","","","","","","","","Foxtrot","","999","1",""
"","6981","","","2025-05-25","2025-05-25","","","SOCIAL","","Coppie","Divulgativa","","Over 16 (16+)","Polka","Cross","Skating","Old/Young","16","99","","","","","","","","","","","Polca","","999","",""
"","6980","","","2025-05-25","2025-05-25","","","SOCIAL","","Coppie","Divulgativa","","Over 16 (16+)","Mazurka","Cross","Skating","Old/Young","16","99","","","","","","","","","","","Mazurca","","999","1",""
"","6979","","","2025-05-25","2025-05-25","","","SOCIAL","","Coppie","Divulgativa","","Under 16 (-16)","Foxtrot","Cross","Skating","Old/Young","0","15","","","","","","","","","","","Foxtrot","","999","",""
"","6978","","","2025-05-25","2025-05-25","","","SOCIAL","","Coppie","Divulgativa","","Under 16 (-16)","Polka","Cross","Skating","Old/Young","0","15","","","","","","","","","","","Polca","","999","",""
"","6977","","","2025-05-25","2025-05-25","","","SOCIAL","","Coppie","Divulgativa","","Under 16 (-16)","Mazurka","Cross","Skating","Old/Young","0","15","","","","","","","","","","","Mazurca","","999","",""
"","6976","","","2025-05-25","2025-05-25","","","SOCIAL","","Coppie","Divulgativa","","Under 11 (-11)","Foxtrot","Cross","Skating","Old/Young","0","11","","","","","","","","","","","Foxtrot","","999","",""
"","6975","","","2025-05-25","2025-05-25","","","SOCIAL","","Coppie","Divulgativa","","Under 11 (-11)","Polka","Cross","Skating","Old/Young","0","11","","","","","","","","","","","Polca","","999","",""
"","6974","","","2025-05-25","2025-05-25","","","SOCIAL","","Coppie","Divulgativa","","Under 11 (-11)","Mazurka","Cross","Skating","Old/Young","0","11","","","","","","","","","","","Mazurca","","999","",""
"","6973","","","2025-05-25","2025-05-25","","","SOCIAL","","Coppie","Divulgativa","","Under 11 (-11)","Jive","Cross","Skating","Old/Young","0","11","","","","","","","","","","","Jive","","999","2",""
"","6972","","","2025-05-25","2025-05-25","","","SOCIAL","","Coppie","Divulgativa","","Under 11 (-11)","Paso Doble","Cross","Skating","Old/Young","0","11","","","","","","","","","","","Paso Doble","","999","",""
"","6971","","","2025-05-25","2025-05-25","","","SOCIAL","","Coppie","Divulgativa","","Under 11 (-11)","Rumba","Cross","Skating","Old/Young","0","11","","","","","","","","","","","Rumba","","999","4",""
"","6970","","","2025-05-25","2025-05-25","","","SOCIAL","","Coppie","Divulgativa","","Under 11 (-11)","Cha Cha Cha","Cross","Skating","Old/Young","0","11","","","","","","","","","","","Cha Cha Cha","","999","4",""
"","6969","","","2025-05-25","2025-05-25","","","SOCIAL","","Coppie","Divulgativa","","Under 11 (-11)","Samba","Cross","Skating","Old/Young","0","11","","","","","","","","","","","Samba","","999","4",""
"","6968","","","2025-05-25","2025-05-25","","","SOCIAL","","Coppie","Divulgativa","","Under 11 (-11)","Quick Step","Cross","Skating","Old/Young","0","11","","","","","","","","","","","Quick Step","","999","",""
"","6967","","","2025-05-25","2025-05-25","","","SOCIAL","","Coppie","Divulgativa","","Under 11 (-11)","Slowfox","Cross","Skating","Old/Young","0","11","","","","","","","","","","","Slow Foxtrot","","999","",""
"","6966","","","2025-05-25","2025-05-25","","","SOCIAL","","Coppie","Divulgativa","","Under 11 (-11)","Viennese Waltz","Cross","Skating","Old/Young","0","11","","","","","","","","","","","Viennese Waltz","","999","",""
"","6965","","","2025-05-25","2025-05-25","","","SOCIAL","","Coppie","Divulgativa","","Under 11 (-11)","Tango","Cross","Skating","Old/Young","0","11","","","","","","","","","","","Tango","","999","",""
"","6964","","","2025-05-25","2025-05-25","","","SOCIAL","","Coppie","Divulgativa","","Under 11 (-11)","Waltz","Cross","Skating","Old/Young","0","11","","","","","","","","","","","Waltz","","999","",""
"","6963","","","2025-05-25","2025-05-25","","","SOCIAL","","Coppie","Divulgativa","","Under 16 (-16)","Jive","Cross","Skating","Old/Young","0","15","","","","","","","","","","","Jive","","999","1",""
"","6962","","","2025-05-25","2025-05-25","","","SOCIAL","","Coppie","Divulgativa","","Under 16 (-16)","Paso Doble","Cross","Skating","Old/Young","0","15","","","","","","","","","","","Paso Doble","","999","",""
"","6961","","","2025-05-25","2025-05-25","","","SOCIAL","","Coppie","Divulgativa","","Under 16 (-16)","Rumba","Cross","Skating","Old/Young","0","15","","","","","","","","","","","Rumba","","999","1",""
"","6960","","","2025-05-25","2025-05-25","","","SOCIAL","","Coppie","Divulgativa","","Under 16 (-16)","Cha Cha Cha","Cross","Skating","Old/Young","0","15","","","","","","","","","","","Cha Cha Cha","","999","1",""
"","6959","","","2025-05-25","2025-05-25","","","SOCIAL","","Coppie","Divulgativa","","Under 16 (-16)","Samba","Cross","Skating","Old/Young","0","15","","","","","","","","","","","Samba","","999","1",""
"","6958","","","2025-05-25","2025-05-25","","","SOCIAL","","Coppie","Divulgativa","","Under 16 (-16)","Quick Step","Cross","Skating","Old/Young","0","15","","","","","","","","","","","Quick Step","","999","",""
"","6957","","","2025-05-25","2025-05-25","","","SOCIAL","","Coppie","Divulgativa","","Under 16 (-16)","Slowfox","Cross","Skating","Old/Young","0","15","","","","","","","","","","","Slow Foxtrot","","999","",""
"","6956","","","2025-05-25","2025-05-25","","","SOCIAL","","Coppie","Divulgativa","","Under 16 (-16)","Viennese Waltz","Cross","Skating","Old/Young","0","15","","","","","","","","","","","Viennese Waltz","","999","",""
"","6955","","","2025-05-25","2025-05-25","","","SOCIAL","","Coppie","Divulgativa","","Under 16 (-16)","Tango","Cross","Skating","Old/Young","0","15","","","","","","","","","","","Tango","","999","",""
"","6954","","","2025-05-25","2025-05-25","","","SOCIAL","","Coppie","Divulgativa","","Under 16 (-16)","Waltz","Cross","Skating","Old/Young","0","15","","","","","","","","","","","Waltz","","999","",""
"","6953","","","2025-05-25","2025-05-25","","","SOCIAL","","Coppie","Divulgativa","","Over 16 (16+)","Jive","Cross","Skating","Old/Young","16","99","","","","","","","","","","","Jive","","999","",""
"","6952","","","2025-05-25","2025-05-25","","","SOCIAL","","Coppie","Divulgativa","","Over 16 (16+)","Paso Doble","Cross","Skating","Old/Young","16","99","","","","","","","","","","","Paso Doble","","999","",""
"","6951","","","2025-05-25","2025-05-25","","","SOCIAL","","Coppie","Divulgativa","","Over 16 (16+)","Rumba","Cross","Skating","Old/Young","16","99","","","","","","","","","","","Rumba","","999","",""
"","6950","","","2025-05-25","2025-05-25","","","SOCIAL","","Coppie","Divulgativa","","Over 16 (16+)","Cha Cha Cha","Cross","Skating","Old/Young","16","99","","","","","","","","","","","Cha Cha Cha","","999","",""
"","6949","","","2025-05-25","2025-05-25","","","SOCIAL","","Coppie","Divulgativa","","Over 16 (16+)","Samba","Cross","Skating","Old/Young","16","99","","","","","","","","","","","Samba","","999","",""
"","6948","","","2025-05-25","2025-05-25","","","SOCIAL","","Coppie","Divulgativa","","Over 16 (16+)","Quick Step","Cross","Skating","Old/Young","16","99","","","","","","","","","","","Quick Step","","999","1",""
"","6947","","","2025-05-25","2025-05-25","","","SOCIAL","","Coppie","Divulgativa","","Over 16 (16+)","Slowfox","Cross","Skating","Old/Young","16","99","","","","","","","","","","","Slow Foxtrot","","999","",""
"","6946","","","2025-05-25","2025-05-25","","","SOCIAL","","Coppie","Divulgativa","","Over 16 (16+)","Viennese Waltz","Cross","Skating","Old/Young","16","99","","","","","","","","","","","Viennese Waltz","","999","1",""
"","6945","","","2025-05-25","2025-05-25","","","SOCIAL","","Coppie","Divulgativa","","Over 16 (16+)","Tango","Cross","Skating","Old/Young","16","99","","","","","","","","","","","Tango","","999","1",""
"","6944","","","2025-05-25","2025-05-25","","","SOCIAL","","Coppie","Divulgativa","","Over 16 (16+)","Waltz","Cross","Skating","Old/Young","16","99","","","","","","","","","","","Waltz","","999","1",""
"","6943","","","2025-05-25","2025-05-25","","","SOCIAL","","Coppie","Divulgativa","","Over 55 (55+)","Jive","Cross","Skating","Old/Young","55","99","50","99","","","","","","","","","Jive","","999","",""
"","6942","","","2025-05-25","2025-05-25","","","SOCIAL","","Coppie","Divulgativa","","Over 55 (55+)","Paso Doble","Cross","Skating","Old/Young","55","99","50","99","","","","","","","","","Paso Doble","","999","",""
"","6941","","","2025-05-25","2025-05-25","","","SOCIAL","","Coppie","Divulgativa","","Over 55 (55+)","Rumba","Cross","Skating","Old/Young","55","99","50","99","","","","","","","","","Rumba","","999","1",""
"","6940","","","2025-05-25","2025-05-25","","","SOCIAL","","Coppie","Divulgativa","","Over 55 (55+)","Cha Cha Cha","Cross","Skating","Old/Young","55","99","50","99","","","","","","","","","Cha Cha Cha","","999","1",""
"","6939","","","2025-05-25","2025-05-25","","","SOCIAL","","Coppie","Divulgativa","","Over 55 (55+)","Samba","Cross","Skating","Old/Young","55","99","50","99","","","","","","","","","Samba","","999","",""
"","6938","","","2025-05-25","2025-05-25","","","SOCIAL","","Coppie","Divulgativa","","Over 35 (35+)","Jive","Cross","Skating","Old/Young","35","99","30","99","","","","","","","","","Jive","","999","",""
"","6937","","","2025-05-25","2025-05-25","","","SOCIAL","","Coppie","Divulgativa","","Over 35 (35+)","Paso Doble","Cross","Skating","Old/Young","35","99","30","99","","","","","","","","","Paso Doble","","999","",""
"","6936","","","2025-05-25","2025-05-25","","","SOCIAL","","Coppie","Divulgativa","","Over 35 (35+)","Rumba","Cross","Skating","Old/Young","35","99","30","99","","","","","","","","","Rumba","","999","1",""
"","6935","","","2025-05-25","2025-05-25","","","SOCIAL","","Coppie","Divulgativa","","Over 35 (35+)","Cha Cha Cha","Cross","Skating","Old/Young","35","99","30","99","","","","","","","","","Cha Cha Cha","","999","1",""
"","6934","","","2025-05-25","2025-05-25","","","SOCIAL","","Coppie","Divulgativa","","Over 35 (35+)","Samba","Cross","Skating","Old/Young","35","99","30","99","","","","","","","","","Samba","","999","",""
"","6933","","","2025-05-25","2025-05-25","","","SOCIAL","","Coppie","Divulgativa","","Over 55 (55+)","Quick Step","Cross","Skating","Old/Young","55","99","50","99","","","","","","","","","Quick Step","","999","3",""
"","6932","","","2025-05-25","2025-05-25","","","SOCIAL","","Coppie","Divulgativa","","Over 55 (55+)","Slowfox","Cross","Skating","Old/Young","55","99","50","99","","","","","","","","","Slow Foxtrot","","999","",""
"","6931","","","2025-05-25","2025-05-25","","","SOCIAL","","Coppie","Divulgativa","","Over 55 (55+)","Viennese Waltz","Cross","Skating","Old/Young","55","99","50","99","","","","","","","","","Viennese Waltz","","999","7",""
"","6930","","","2025-05-25","2025-05-25","","","SOCIAL","","Coppie","Divulgativa","","Over 55 (55+)","Tango","Cross","Skating","Old/Young","55","99","50","99","","","","","","","","","Tango","","999","7",""
"","6929","","","2025-05-25","2025-05-25","","","SOCIAL","","Coppie","Divulgativa","","Over 55 (55+)","Waltz","Cross","Skating","Old/Young","55","99","50","99","","","","","","","","","Waltz","","999","10",""
"","6928","","","2025-05-25","2025-05-25","","","SOCIAL","","Coppie","Divulgativa","","Over 35 (35+)","Quick Step","Cross","Skating","Old/Young","35","99","30","99","","","","","","","","","Quick Step","","999","",""
"","6927","","","2025-05-25","2025-05-25","","","SOCIAL","","Coppie","Divulgativa","","Over 35 (35+)","Slowfox","Cross","Skating","Old/Young","35","99","30","99","","","","","","","","","Slow Foxtrot","","999","",""
"","6926","","","2025-05-25","2025-05-25","","","SOCIAL","","Coppie","Divulgativa","","Over 35 (35+)","Viennese Waltz","Cross","Skating","Old/Young","35","99","30","99","","","","","","","","","Viennese Waltz","","999","1",""
"","6925","","","2025-05-25","2025-05-25","","","SOCIAL","","Coppie","Divulgativa","","Over 35 (35+)","Tango","Cross","Skating","Old/Young","35","99","30","99","","","","","","","","","Tango","","999","",""
"","6923","","Kizomba","2025-05-25","2025-05-25","","","COPPIA","","Coppie","Danze Afro Latine","","Over 16 (16+)","U","Cross","Skating","Old/Young","16","99","","99","","","","","","","","","Kizomba","","999","",""
"","6922","","","2025-05-25","2025-05-25","","","COPPIA","","Coppie","Danze Latine","","Over 55 (55+)","5D","Cross","Skating","Old/Young","55","99","40","99","Over 35 (35+)","","","","","","","","Samba , Cha Cha Cha, Rumba, Paso Doble, Jive","","999","",""
"","6921","","","2025-05-25","2025-05-25","","","COPPIA","","Coppie","Danze Latine","","Over 55 (55+)","4D","Cross","Skating","Old/Young","55","99","40","99","Over 35 (35+)","","","","","","","","Samba , Cha Cha Cha, Rumba, Jive","","999","",""
"","6920","","","2025-05-25","2025-05-25","","","COPPIA","","Coppie","Danze Latine","","Over 55 (55+)","3D","Cross","Skating","Old/Young","55","99","40","99","Over 35 (35+)","","","","","","","","Cha Cha Cha, Rumba, Jive","","999","",""
"","6919","","","2025-05-25","2025-05-25","","","COPPIA","","Coppie","Danze Latine","","Over 35 (35+)","5D","Cross","Skating","Old/Young","35","99","30","99","Over 16 (16+)","","","","","","","","Samba , Cha Cha Cha, Rumba, Paso Doble, Jive","","999","",""
"","6918","","","2025-05-25","2025-05-25","","","COPPIA","","Coppie","Danze Latine","","Over 35 (35+)","4D","Cross","Skating","Old/Young","35","99","30","99","Over 16 (16+)","","","","","","","","Samba , Cha Cha Cha, Rumba, Jive","","999","",""
"","6917","","","2025-05-25","2025-05-25","","","COPPIA","","Coppie","Danze Latine","","Over 35 (35+)","3D","Cross","Skating","Old/Young","35","99","30","99","Over 16 (16+)","","","","","","","","Cha Cha Cha, Rumba, Jive","","999","",""
"","6916","","","2025-05-25","2025-05-25","","","COPPIA","","Coppie","Danze Latine","","Over 16 (16+)","5D","Cross","Skating","Old/Young","16","99","","","","","","","","","","","Samba , Cha Cha Cha, Rumba, Paso Doble, Jive","","999","1",""
"","6915","","","2025-05-25","2025-05-25","","","COPPIA","","Coppie","Danze Latine","","Over 16 (16+)","4D","Cross","Skating","Old/Young","16","99","","","","","","","","","","","Samba , Cha Cha Cha, Rumba, Jive","","999","1",""
"","6914","","","2025-05-25","2025-05-25","","","COPPIA","","Coppie","Danze Latine","","Over 16 (16+)","3D","Cross","Skating","Old/Young","16","99","","","","","","","","","","","Cha Cha Cha, Rumba, Jive","","999","1",""
"","6913","","","2025-05-25","2025-05-25","","","COPPIA","","Coppie","Danze Latine","","Under 16 (-16)","5D","Cross","Skating","Old/Young","4","15","","","","","","","","","","","Samba , Cha Cha Cha, Rumba, Paso Doble, Jive","","999","2",""
"","6912","","","2025-05-25","2025-05-25","","","COPPIA","","Coppie","Danze Latine","","Under 16 (-16)","4D","Cross","Skating","Old/Young","4","15","","","","","","","","","","","Samba , Cha Cha Cha, Rumba, Jive","","999","1",""
"","6911","","","2025-05-25","2025-05-25","","","COPPIA","","Coppie","Danze Latine","","Under 16 (-16)","3D","Cross","Skating","Old/Young","4","15","","","","","","","","","","","Cha Cha Cha, Rumba, Jive","","999","1",""
"","6910","","","2025-05-25","2025-05-25","","","COPPIA","","Coppie","Danze Latine","","Under 12 (-12)","5D","Cross","Skating","Old/Young","4","12","","12","","","","","","","","","Samba , Cha Cha Cha, Rumba, Paso Doble, Jive","","999","2",""
"","6909","","","2025-05-25","2025-05-25","","","COPPIA","","Coppie","Danze Latine","","Under 12 (-12)","4D","Cross","Skating","Old/Young","4","12","","12","","","","","","","","","Samba , Cha Cha Cha, Rumba, Jive","","999","3",""
"","6908","","","2025-05-25","2025-05-25","","","COPPIA","","Coppie","Danze Latine","","Under 12 (-12)","3D","Cross","Skating","Old/Young","4","12","","12","","","","","","","","","Cha Cha Cha, Rumba, Jive","","999","3",""
"","6907","","","2025-05-25","2025-05-25","","","COPPIA","","Coppie","Danze Standard","","Over 55 (55+)","5D","Cross","Skating","Old/Young","55","99","50","99","Over 45 (45+)","","","","","","","","Waltz, Tango, Viennese Waltz, Slow Foxtrot, Quick Step","","999","4",""
"","6906","","","2025-05-25","2025-05-25","","","COPPIA","","Coppie","Danze Standard","","Over 35 (35+)","5D","Cross","Skating","Old/Young","35","99","30","99","Over 16 (16+)","","","","","","","","Waltz, Tango, Viennese Waltz, Slow Foxtrot, Quick Step","","999","",""
"","6905","","","2025-05-25","2025-05-25","","","COPPIA","","Coppie","Danze Standard","","Over 16 (16+)","5D","Cross","Skating","Old/Young","16","99","","","","","","","","","","","Waltz, Tango, Viennese Waltz, Slow Foxtrot, Quick Step","","999","",""
"","6904","","","2025-05-25","2025-05-25","","","COPPIA","","Coppie","Danze Standard","","Under 16 (-16)","5D","Cross","Skating","Old/Young","4","15","","","","","","","","","","","Waltz, Tango, Viennese Waltz, Slow Foxtrot, Quick Step","","999","",""
"","6903","","","2025-05-25","2025-05-25","","","COPPIA","","Coppie","Danze Standard","","Under 12 (-12)","5D","Cross","Skating","Old/Young","4","12","","12","","","","","","","","","Waltz, Tango, Viennese Waltz, Slow Foxtrot, Quick Step","","999","",""
"","6902","","","2025-05-25","2025-05-25","","","COPPIA","","Coppie","Danze Standard","","Over 55 (55+)","4D","Cross","Skating","Old/Young","55","99","50","99","Over 45 (45+)","","","","","","","","Waltz, Tango, Viennese Waltz, Quick Step","","999","7",""
"","6901","","","2025-05-25","2025-05-25","","","COPPIA","","Coppie","Danze Standard","","Over 35 (35+)","4D","Cross","Skating","Old/Young","35","99","30","99","Over 16 (16+)","","","","","","","","Waltz, Tango, Viennese Waltz, Quick Step","","999","",""
"","6900","","","2025-05-25","2025-05-25","","","COPPIA","","Coppie","Danze Standard","","Over 16 (16+)","4D","Cross","Skating","Old/Young","16","99","","","","","","","","","","","Waltz, Tango, Viennese Waltz, Quick Step","","999","1",""
"","6899","","","2025-05-25","2025-05-25","","","COPPIA","","Coppie","Danze Standard","","Under 16 (-16)","4D","Cross","Skating","Old/Young","4","15","","","","","","","","","","","Waltz, Tango, Viennese Waltz, Quick Step","","999","",""
"","6898","","","2025-05-25","2025-05-25","","","COPPIA","","Coppie","Danze Standard","","Under 12 (-12)","4D","Cross","Skating","Old/Young","4","12","","12","","","","","","","","","Waltz, Tango, Viennese Waltz, Quick Step","","999","",""
"","6897","","","2025-05-25","2025-05-25","","","COPPIA","","Coppie","Danze Standard","","Over 55 (55+)","3D","Cross","Skating","Old/Young","55","99","50","99","Over 45 (45+)","","","","","","","","Waltz, Tango, Quick Step","","999","2",""
"","6896","","","2025-05-25","2025-05-25","","","COPPIA","","Coppie","Danze Standard","","Over 35 (35+)","3D","Cross","Skating","Old/Young","35","99","30","99","Over 16 (16+)","","","","","","","","Waltz, Tango, Quick Step","","999","1",""
"","6895","","","2025-05-25","2025-05-25","","","COPPIA","","Coppie","Danze Standard","","Over 16 (16+)","3D","Cross","Skating","Old/Young","16","99","","","","","","","","","","","Waltz, Tango, Quick Step","","999","",""
"","6894","","","2025-05-25","2025-05-25","","","COPPIA","","Coppie","Danze Standard","","Under 16 (-16)","3D","Cross","Skating","Old/Young","4","15","","","","","","","","","","","Waltz, Tango, Quick Step","","999","",""
"","6893","","","2025-05-25","2025-05-25","","","COPPIA","","Coppie","Danze Standard","","Under 12 (-12)","3D","Cross","Skating","Old/Young","4","12","","12","","","","","","","","","Waltz, Tango, Quick Step","","999","",""
"","6892","","","2025-05-25","2025-05-25","","","COPPIA","","Coppie","Combinata Nazionale","","Over 55 (55+)","B","Cross","Skating","Old/Young","55","99","","","","","","","","","","","Valzer Lento, Mazurca, Tango, Valzer Viennese, Foxtrot, Polca","","999","2",""
"","6891","","","2025-05-25","2025-05-25","","","COPPIA","","Coppie","Combinata Nazionale","","Over 35 (35+)","B","Cross","Skating","Old/Young","35","99","","","","","","","","","","","Valzer Lento, Mazurca, Tango, Valzer Viennese, Foxtrot, Polca","","999","",""
"","6890","","","2025-05-25","2025-05-25","","","COPPIA","","Coppie","Combinata Nazionale","","Over 16 (16+)","B","Cross","Skating","Old/Young","16","99","","","","","","","","","","","Valzer Lento, Mazurca, Tango, Valzer Viennese, Foxtrot, Polca","","999","",""
"","6889","","","2025-05-25","2025-05-25","","","COPPIA","","Coppie","Combinata Nazionale","","Under 16 (-16)","B","Cross","Skating","Old/Young","1","15","","","","","","","","","","","Valzer Lento, Mazurca, Tango, Valzer Viennese, Foxtrot, Polca","","999","",""
"","6888","","","2025-05-25","2025-05-25","","","COPPIA","","Coppie","Liscio Unificato","","Over 55 (55+)","B","Cross","Skating","Old/Young","35","99","","","","","","","","","","","Mazurca, Valzer, Polca","","999","1",""
"","6887","","","2025-05-25","2025-05-25","","","COPPIA","","Coppie","Liscio Unificato","","Over 35 (35+)","B","Cross","Skating","Old/Young","35","99","","","","","","","","","","","Mazurca, Valzer, Polca","","999","",""
"","6886","","","2025-05-25","2025-05-25","","","COPPIA","","Coppie","Liscio Unificato","","Over 16 (16+)","B","Cross","Skating","Old/Young","16","99","","","","","","","","","","","Mazurca, Valzer, Polca","","999","",""
"","6885","","","2025-05-25","2025-05-25","","","COPPIA","","Coppie","Liscio Unificato","","Under 16 (-16)","B","Cross","Skating","Old/Young","1","15","","","","","","","","","","","Mazurca, Valzer, Polca","","999","",""
"","6884","","","2025-05-25","2025-05-25","","","COPPIA","","Coppie","Ballo da Sala","","Over 55 (55+)","B","Cross","Skating","Old/Young","55","99","","","","","","","","","","","Valzer Lento, Tango, Foxtrot","","999","1",""
"","6883","","","2025-05-25","2025-05-25","","","COPPIA","","Coppie","Ballo da Sala","","Over 35 (35+)","B","Cross","Skating","Old/Young","35","99","","","","","","","","","","","Valzer Lento, Tango, Foxtrot","","999","",""
"","6882","","","2025-05-25","2025-05-25","","","COPPIA","","Coppie","Ballo da Sala","","Over 16 (16+)","B","Cross","Skating","Old/Young","16","99","","","","","","","","","","","Valzer Lento, Tango, Foxtrot","","999","",""
"","6881","","","2025-05-25","2025-05-25","","","COPPIA","","Coppie","Ballo da Sala","","Under 16 (-16)","B","Cross","Skating","Old/Young","1","15","","","","","","","","","","","Valzer Lento, Tango, Foxtrot","","999","",""
"","6880","","","2025-05-25","2025-05-25","","","SOLO&DUO","","Duo","Divulgativa","","Over 16 (16+)","Quick Step","Cross","Skating","Old/Young","16","99","","","","","","","","","","","Quick Step","","999","",""
"","6879","","","2025-05-25","2025-05-25","","","SOLO&DUO","","Duo","Divulgativa","","Over 16 (16+)","Slowfox","Cross","Skating","Old/Young","16","99","","","","","","","","","","","Slow Foxtrot","","999","",""
"","6878","","","2025-05-25","2025-05-25","","","SOLO&DUO","","Duo","Divulgativa","","Over 16 (16+)","Viennese Waltz","Cross","Skating","Old/Young","16","99","","","","","","","","","","","Viennese Waltz","","999","",""
"","6877","","","2025-05-25","2025-05-25","","","SOLO&DUO","","Duo","Divulgativa","","Over 16 (16+)","Tango","Cross","Skating","Old/Young","16","99","","","","","","","","","","","Tango","","999","",""
"","6876","","","2025-05-25","2025-05-25","","","SOLO&DUO","","Duo","Divulgativa","","Over 16 (16+)","Waltz","Cross","Skating","Old/Young","16","99","","","","","","","","","","","Waltz","","999","",""
"","6875","","","2025-05-25","2025-05-25","","","SOLO&DUO","","Duo","Divulgativa","","Under 16 (-16)","Quick Step","Cross","Skating","Old/Young","12","15","","","","","","","","","","","Quick Step","","999","",""
"","6874","","","2025-05-25","2025-05-25","","","SOLO&DUO","","Duo","Divulgativa","","Under 16 (-16)","Slowfox","Cross","Skating","Old/Young","12","15","","","","","","","","","","","Slow Foxtrot","","999","",""
"","6873","","","2025-05-25","2025-05-25","","","SOLO&DUO","","Duo","Divulgativa","","Under 16 (-16)","Viennese Waltz","Cross","Skating","Old/Young","12","15","","","","","","","","","","","Viennese Waltz","","999","",""
"","6872","","","2025-05-25","2025-05-25","","","SOLO&DUO","","Duo","Divulgativa","","Under 16 (-16)","Tango","Cross","Skating","Old/Young","12","15","","","","","","","","","","","Tango","","999","",""
"","6871","","","2025-05-25","2025-05-25","","","SOLO&DUO","","Duo","Divulgativa","","Under 16 (-16)","Waltz","Cross","Skating","Old/Young","12","15","","","","","","","","","","","Waltz","","999","",""
"","6870","","","2025-05-25","2025-05-25","","","SOLO&DUO","","Duo","Divulgativa","","Over 35 (35+)","Quick Step","Cross","Skating","Old/Young","35","99","","","","","","","","","","","Quick Step","","999","",""
"","6869","","","2025-05-25","2025-05-25","","","SOLO&DUO","","Duo","Divulgativa","","Over 35 (35+)","Slowfox","Cross","Skating","Old/Young","35","99","","","","","","","","","","","Slow Foxtrot","","999","",""
"","6868","","","2025-05-25","2025-05-25","","","SOLO&DUO","","Duo","Divulgativa","","Over 35 (35+)","Viennese Waltz","Cross","Skating","Old/Young","35","99","","","","","","","","","","","Viennese Waltz","","999","",""
"","6867","","","2025-05-25","2025-05-25","","","SOLO&DUO","","Duo","Divulgativa","","Over 35 (35+)","Tango","Cross","Skating","Old/Young","35","99","","","","","","","","","","","Tango","","999","",""
"","6866","","","2025-05-25","2025-05-25","","","SOLO&DUO","","Duo","Divulgativa","","Over 35 (35+)","Waltz","Cross","Skating","Old/Young","35","99","","","","","","","","","","","Waltz","","999","",""
"","6865","","","2025-05-25","2025-05-25","","","SOLO&DUO","","Duo","Divulgativa","","Under 12 (-12)","Quick Step","Cross","Skating","Old/Young","8","11","","","","","","","","","","","Quick Step","","999","",""
"","6864","","","2025-05-25","2025-05-25","","","SOLO&DUO","","Duo","Divulgativa","","Under 12 (-12)","Slowfox","Cross","Skating","Old/Young","8","11","","","","","","","","","","","Slow Foxtrot","","999","",""
"","6863","","","2025-05-25","2025-05-25","","","SOLO&DUO","","Duo","Divulgativa","","Under 12 (-12)","Viennese Waltz","Cross","Skating","Old/Young","8","11","","","","","","","","","","","Viennese Waltz","","999","",""
"","6862","","","2025-05-25","2025-05-25","","","SOLO&DUO","","Duo","Divulgativa","","Under 12 (-12)","Tango","Cross","Skating","Old/Young","8","11","","","","","","","","","","","Tango","","999","",""
"","6861","","","2025-05-25","2025-05-25","","","SOLO&DUO","","Duo","Divulgativa","","Under 12 (-12)","Waltz","Cross","Skating","Old/Young","8","11","","","","","","","","","","","Waltz","","999","",""
"","6860","","","2025-05-25","2025-05-25","","","SOLO&DUO","","Solo","Divulgativa","","Over 16 (16+)","Quick Step","Cross","Skating","Old/Young","16","99","","","","","","","","","","","Quick Step","","999","",""
"","6859","","","2025-05-25","2025-05-25","","","SOLO&DUO","","Solo","Divulgativa","","Over 16 (16+)","Slowfox","Cross","Skating","Old/Young","16","99","","","","","","","","","","","Slow Foxtrot","","999","",""
"","6858","","","2025-05-25","2025-05-25","","","SOLO&DUO","","Solo","Divulgativa","","Over 16 (16+)","Viennese Waltz","Cross","Skating","Old/Young","16","99","","","","","","","","","","","Viennese Waltz","","999","",""
"","6857","","","2025-05-25","2025-05-25","","","SOLO&DUO","","Solo","Divulgativa","","Over 16 (16+)","Tango","Cross","Skating","Old/Young","16","99","","","","","","","","","","","Tango","","999","",""
"","6856","","","2025-05-25","2025-05-25","","","SOLO&DUO","","Solo","Divulgativa","","Over 16 (16+)","Waltz","Cross","Skating","Old/Young","16","99","","","","","","","","","","","Waltz","","999","",""
"","6855","","","2025-05-25","2025-05-25","","","SOLO&DUO","","Solo","Divulgativa","","Under 16 (-16)","Quick Step","Cross","Skating","Old/Young","12","15","","","","","","","","","","","Quick Step","","999","",""
"","6854","","","2025-05-25","2025-05-25","","","SOLO&DUO","","Solo","Divulgativa","","Under 16 (-16)","Slowfox","Cross","Skating","Old/Young","12","15","","","","","","","","","","","Slow Foxtrot","","999","",""
"","6853","","","2025-05-25","2025-05-25","","","SOLO&DUO","","Solo","Divulgativa","","Under 16 (-16)","Viennese Waltz","Cross","Skating","Old/Young","12","15","","","","","","","","","","","Viennese Waltz","","999","",""
"","6852","","","2025-05-25","2025-05-25","","","SOLO&DUO","","Solo","Divulgativa","","Under 16 (-16)","Tango","Cross","Skating","Old/Young","12","15","","","","","","","","","","","Tango","","999","",""
"","6851","","","2025-05-25","2025-05-25","","","SOLO&DUO","","Solo","Divulgativa","","Under 16 (-16)","Waltz","Cross","Skating","Old/Young","12","15","","","","","","","","","","","Waltz","","999","",""
"","6850","","","2025-05-25","2025-05-25","","","SOLO&DUO","","Solo","Divulgativa","","Over 35 (35+)","Quick Step","Cross","Skating","Old/Young","35","99","","","","","","","","","","","Quick Step","","999","",""
"","6849","","","2025-05-25","2025-05-25","","","SOLO&DUO","","Solo","Divulgativa","","Over 35 (35+)","Slowfox","Cross","Skating","Old/Young","35","99","","","","","","","","","","","Slow Foxtrot","","999","",""
"","6848","","","2025-05-25","2025-05-25","","","SOLO&DUO","","Solo","Divulgativa","","Over 35 (35+)","Viennese Waltz","Cross","Skating","Old/Young","35","99","","","","","","","","","","","Viennese Waltz","","999","",""
"","6847","","","2025-05-25","2025-05-25","","","SOLO&DUO","","Solo","Divulgativa","","Over 35 (35+)","Tango","Cross","Skating","Old/Young","35","99","","","","","","","","","","","Tango","","999","",""
"","6846","","","2025-05-25","2025-05-25","","","SOLO&DUO","","Solo","Divulgativa","","Over 35 (35+)","Waltz","Cross","Skating","Old/Young","35","99","","","","","","","","","","","Waltz","","999","",""
"","6845","","","2025-05-25","2025-05-25","","","SOLO&DUO","","Solo","Divulgativa","","Under 12 (-12)","Quick Step","Cross","Skating","Old/Young","8","11","","","","","","","","","","","Quick Step","","999","",""
"","6844","","","2025-05-25","2025-05-25","","","SOLO&DUO","","Solo","Divulgativa","","Under 12 (-12)","Slowfox","Cross","Skating","Old/Young","8","11","","","","","","","","","","","Slow Foxtrot","","999","",""
"","6843","","","2025-05-25","2025-05-25","","","SOLO&DUO","","Solo","Divulgativa","","Under 12 (-12)","Viennese Waltz","Cross","Skating","Old/Young","8","11","","","","","","","","","","","Viennese Waltz","","999","",""
"","6842","","","2025-05-25","2025-05-25","","","SOLO&DUO","","Solo","Divulgativa","","Under 12 (-12)","Tango","Cross","Skating","Old/Young","8","11","","","","","","","","","","","Tango","","999","",""
"","6841","","","2025-05-25","2025-05-25","","","SOLO&DUO","","Solo","Divulgativa","","Under 12 (-12)","Waltz","Cross","Skating","Old/Young","8","11","","","","","","","","","","","Waltz","","999","",""
"","6840","","","2025-05-25","2025-05-25","","","SOLO&DUO","","Duo Femminile","Merengue Shine","","Under 12 (-12)","B","Cross","Skating","Old/Young","1","12","","99","","","","","","","","","Merengue","","999","",""
"","6839","","","2025-05-25","2025-05-25","","","SOLO&DUO","","Duo Femminile","Merengue Shine","","Under 16 (-16)","B","Cross","Skating","Old/Young","1","15","","99","","","","","","","","","Merengue","","999","",""
"","6838","","","2025-05-25","2025-05-25","","","SOLO&DUO","","Duo Femminile","Merengue Shine","","Over 35 (35+)","B","Cross","Skating","Old/Young","35","99","","99","","","","","","","","","Merengue","","999","",""
"","6837","","","2025-05-25","2025-05-25","","","SOLO&DUO","","Duo Femminile","Merengue Shine","","Over 16 (16+)","B","Cross","Skating","Old/Young","16","99","","99","","","","","","","","","Merengue","","999","",""
"","6836","","","2025-05-25","2025-05-25","","","SOLO&DUO","","Duo Femminile","Salsa Shine","","Under 12 (-12)","B","Cross","Skating","Old/Young","1","12","","99","","","","","","","","","Salsa Shine","","999","",""
"","6835","","","2025-05-25","2025-05-25","","","SOLO&DUO","","Duo Femminile","Salsa Shine","","Under 16 (-16)","B","Cross","Skating","Old/Young","1","15","","99","","","","","","","","","Salsa Shine","","999","",""
"","6834","","","2025-05-25","2025-05-25","","","SOLO&DUO","","Duo Femminile","Salsa Shine","","Over 35 (35+)","B","Cross","Skating","Old/Young","35","99","","99","","","","","","","","","Salsa Shine","","999","",""
"","6833","","","2025-05-25","2025-05-25","","","SOLO&DUO","","Duo Femminile","Salsa Shine","","Over 16 (16+)","B","Cross","Skating","Old/Young","16","99","","99","","","","","","","","","Salsa Shine","","999","",""
"","6832","","","2025-05-25","2025-05-25","","","SOLO&DUO","","Duo Femminile","Bachata Shine","","Under 16 (-16)","B","Cross","Skating","Old/Young","1","15","","99","","","","","","","","","Bachata Shine","","999","",""
"","6831","","","2025-05-25","2025-05-25","","","SOLO&DUO","","Duo Femminile","Bachata Shine","","Under 12 (-12)","B","Cross","Skating","Old/Young","1","12","","99","","","","","","","","","Bachata Shine","","999","",""
"","6830","","","2025-05-25","2025-05-25","","","SOLO&DUO","","Duo Femminile","Bachata Shine","","Over 35 (35+)","B","Cross","Skating","Old/Young","35","99","","99","","","","","","","","","Bachata Shine","","999","",""
"","6829","","","2025-05-25","2025-05-25","","","SOLO&DUO","","Duo Femminile","Bachata Shine","","Over 16 (16+)","B","Cross","Skating","Old/Young","16","99","","99","","","","","","","","","Bachata Shine","","999","",""
"","6828","","","2025-05-25","2025-05-25","","","SOLO&DUO","","Solo Femminile","Merengue Shine","","Under 12 (-12)","B","Cross","Skating","Old/Young","1","12","","99","","","","","","","","","Merengue","","999","",""
"","6827","","","2025-05-25","2025-05-25","","","SOLO&DUO","","Solo Femminile","Merengue Shine","","Under 16 (-16)","B","Cross","Skating","Old/Young","1","15","","99","","","","","","","","","Merengue","","999","",""
"","6826","","","2025-05-25","2025-05-25","","","SOLO&DUO","","Solo Femminile","Merengue Shine","","Over 35 (35+)","B","Cross","Skating","Old/Young","35","99","","99","","","","","","","","","Merengue","","999","",""
"","6825","","","2025-05-25","2025-05-25","","","SOLO&DUO","","Solo Femminile","Merengue Shine","","Over 16 (16+)","B","Cross","Skating","Old/Young","16","99","","99","","","","","","","","","Merengue","","999","",""
"","6824","","","2025-05-25","2025-05-25","","","SOLO&DUO","","Solo Femminile","Bachata Shine","","Under 12 (-12)","B","Cross","Skating","Old/Young","1","12","","99","","","","","","","","","Bachata Shine","","999","",""
"","6823","","","2025-05-25","2025-05-25","","","SOLO&DUO","","Solo Femminile","Bachata Shine","","Under 16 (-16)","B","Cross","Skating","Old/Young","1","15","","99","","","","","","","","","Bachata Shine","","999","",""
"","6822","","","2025-05-25","2025-05-25","","","SOLO&DUO","","Solo Femminile","Bachata Shine","","Over 35 (35+)","B","Cross","Skating","Old/Young","35","99","","99","","","","","","","","","Bachata Shine","","999","",""
"","6821","","","2025-05-25","2025-05-25","","","SOLO&DUO","","Solo Femminile","Bachata Shine","","Over 16 (16+)","B","Cross","Skating","Old/Young","16","99","","99","","","","","","","","","Bachata Shine","","999","",""
"","6820","","","2025-05-25","2025-05-25","","","SOLO&DUO","","Solo Femminile","Salsa Shine","","Under 12 (-12)","B","Cross","Skating","Old/Young","1","12","","99","","","","","","","","","Salsa Shine","","999","",""
"","6819","","","2025-05-25","2025-05-25","","","SOLO&DUO","","Solo Femminile","Salsa Shine","","Under 16 (-16)","B","Cross","Skating","Old/Young","1","15","","99","","","","","","","","","Salsa Shine","","999","",""
"","6818","","","2025-05-25","2025-05-25","","","SOLO&DUO","","Solo Femminile","Salsa Shine","","Over 35 (35+)","B","Cross","Skating","Old/Young","35","99","","99","","","","","","","","","Salsa Shine","","999","",""
"","6817","","","2025-05-25","2025-05-25","","","SOLO&DUO","","Solo Femminile","Salsa Shine","","Over 16 (16+)","B","Cross","Skating","Old/Young","16","99","","99","","","","","","","","","Salsa Shine","","999","",""
"","6816","","","2025-05-25","2025-05-25","","","SOLO&DUO","","Duo","Latin Style Tecnica Samba","","Under 12 (-12)","B","Cross","Skating","Old/Young","1","12","","","","","","","","","","","Samba","","999","",""
"","6815","","","2025-05-25","2025-05-25","","","SOLO&DUO","","Duo","Latin Style Tecnica Samba","","Over 35 (35+)","B","Cross","Skating","Old/Young","35","99","","","","","","","","","","","Samba","","999","",""
"","6814","","","2025-05-25","2025-05-25","","","SOLO&DUO","","Duo","Latin Style Tecnica Cha Cha Cha","","Under 12 (-12)","B","Cross","Skating","Old/Young","1","12","","","","","","","","","","","Cha Cha Cha","","999","1",""
"","6813","","","2025-05-25","2025-05-25","","","SOLO&DUO","","Duo","Latin Style Tecnica Cha Cha Cha","","Over 35 (35+)","B","Cross","Skating","Old/Young","35","99","","","","","","","","","","","Cha Cha Cha","","999","",""
"","6812","","","2025-05-25","2025-05-25","","","SOLO&DUO","","Duo","Latin Style Tecnica Rumba","","Under 12 (-12)","B","Cross","Skating","Old/Young","1","12","","","","","","","","","","","Rumba","","999","",""
"","6811","","","2025-05-25","2025-05-25","","","SOLO&DUO","","Duo","Latin Style Tecnica Rumba","","Over 35 (35+)","B","Cross","Skating","Old/Young","35","99","","","","","","","","","","","Rumba","","999","",""
"","6810","","","2025-05-25","2025-05-25","","","SOLO&DUO","","Duo","Latin Style Tecnica Paso Doble","","Under 12 (-12)","B","Cross","Skating","Old/Young","1","12","","","","","","","","","","","Paso Doble","","999","",""
"","6809","","","2025-05-25","2025-05-25","","","SOLO&DUO","","Duo","Latin Style Tecnica Paso Doble","","Over 35 (35+)","B","Cross","Skating","Old/Young","35","99","","","","","","","","","","","Paso Doble","","999","",""
"","6808","","","2025-05-25","2025-05-25","","","SOLO&DUO","","Duo","Latin Style Tecnica Jive","","Over 35 (35+)","B","Cross","Skating","Old/Young","35","99","","","","","","","","","","","Jive","","999","",""
"","6807","","","2025-05-25","2025-05-25","","","SOLO&DUO","","Duo","Latin Style Tecnica Jive","","Under 12 (-12)","B","Cross","Skating","Old/Young","1","12","","","","","","","","","","","Jive","","999","",""
"","6806","","","2025-05-25","2025-05-25","","","SOLO&DUO","","Duo","Latin Style Tecnica Jive","","Over 16 (16+)","B","Cross","Skating","Old/Young","16","99","","","","","","","","","","","Jive","","999","",""
"","6805","","","2025-05-25","2025-05-25","","","SOLO&DUO","","Duo","Latin Style Tecnica Jive","","Under 16 (-16)","B","Cross","Skating","Old/Young","1","15","","","","","","","","","","","Jive","","999","",""
"","6804","","","2025-05-25","2025-05-25","","","SOLO&DUO","","Duo","Latin Style Tecnica Paso Doble","","Over 16 (16+)","B","Cross","Skating","Old/Young","16","99","","","","","","","","","","","Paso Doble","","999","",""
"","6803","","","2025-05-25","2025-05-25","","","SOLO&DUO","","Duo","Latin Style Tecnica Paso Doble","","Under 16 (-16)","B","Cross","Skating","Old/Young","1","15","","","","","","","","","","","Paso Doble","","999","",""
"","6802","","","2025-05-25","2025-05-25","","","SOLO&DUO","","Duo","Latin Style Tecnica Rumba","","Over 16 (16+)","B","Cross","Skating","Old/Young","16","99","","","","","","","","","","","Rumba","","999","",""
"","6801","","","2025-05-25","2025-05-25","","","SOLO&DUO","","Duo","Latin Style Tecnica Rumba","","Under 16 (-16)","B","Cross","Skating","Old/Young","1","15","","","","","","","","","","","Rumba","","999","",""
"","6800","","","2025-05-25","2025-05-25","","","SOLO&DUO","","Duo","Latin Style Tecnica Cha Cha Cha","","Over 16 (16+)","B","Cross","Skating","Old/Young","16","99","","","","","","","","","","","Cha Cha Cha","","999","",""
"","6799","","","2025-05-25","2025-05-25","","","SOLO&DUO","","Duo","Latin Style Tecnica Cha Cha Cha","","Under 16 (-16)","B","Cross","Skating","Old/Young","1","15","","","","","","","","","","","Cha Cha Cha","","999","",""
"","6798","","","2025-05-25","2025-05-25","","","SOLO&DUO","","Duo","Latin Style Tecnica Samba","","Over 16 (16+)","B","Cross","Skating","Old/Young","16","99","","","","","","","","","","","Samba","","999","",""
"","6797","","","2025-05-25","2025-05-25","","","SOLO&DUO","","Duo","Latin Style Tecnica Samba","","Under 16 (-16)","B","Cross","Skating","Old/Young","1","15","","","","","","","","","","","Samba","","999","",""
"","6796","","","2025-05-25","2025-05-25","","","SOLO&DUO","","Solo","Latin Style Tecnica Jive","","Over 35 (35+)","B","Cross","Skating","All","35","99","","","","","","","","","","","Jive","","999","",""
"","6795","","","2025-05-25","2025-05-25","","","SOLO&DUO","","Solo","Latin Style Tecnica Jive","","Over 16 (16+)","B","Cross","Skating","All","16","99","","","","","","","","","","","Jive","","999","1",""
"","6794","","","2025-05-25","2025-05-25","","","SOLO&DUO","","Solo","Latin Style Tecnica Jive","","Under 16 (-16)","B","Cross","Skating","All","0","15","","","","","","","","","","","Jive","","999","5",""
"","6793","","","2025-05-25","2025-05-25","","","SOLO&DUO","","Solo","Latin Style Tecnica Jive","","Under 12 (-12)","B","Cross","Skating","All","0","11","","","","","","","","","","","Jive","","999","1",""
"","6792","","","2025-05-25","2025-05-25","","","SOLO&DUO","","Solo","Latin Style Tecnica Paso Doble","","Over 35 (35+)","B","Cross","Skating","All","35","99","","","","","","","","","","","Paso Doble","","999","",""
"","6791","","","2025-05-25","2025-05-25","","","SOLO&DUO","","Solo","Latin Style Tecnica Paso Doble","","Over 16 (16+)","B","Cross","Skating","All","16","99","","","","","","","","","","","Paso Doble","","999","1",""
"","6790","","","2025-05-25","2025-05-25","","","SOLO&DUO","","Solo","Latin Style Tecnica Paso Doble","","Under 16 (-16)","B","Cross","Skating","All","0","15","","","","","","","","","","","Paso Doble","","999","1",""
"","6789","","","2025-05-25","2025-05-25","","","SOLO&DUO","","Solo","Latin Style Tecnica Paso Doble","","Under 12 (-12)","B","Cross","Skating","All","0","11","","","","","","","","","","","Paso Doble","","999","",""
"","6788","","","2025-05-25","2025-05-25","","","SOLO&DUO","","Solo","Latin Style Tecnica Samba","","Over 35 (35+)","B","Cross","Skating","All","35","99","","","","","","","","","","","Samba","","999","",""
"","6787","","","2025-05-25","2025-05-25","","","SOLO&DUO","","Solo","Latin Style Tecnica Samba","","Over 16 (16+)","B","Cross","Skating","All","16","99","","","","","","","","","","","Samba","","999","2",""
"","6786","","","2025-05-25","2025-05-25","","","SOLO&DUO","","Solo","Latin Style Tecnica Samba","","Under 16 (-16)","B","Cross","Skating","All","0","15","","","","","","","","","","","Samba","","999","7",""
"","6785","","","2025-05-25","2025-05-25","","","SOLO&DUO","","Solo","Latin Style Tecnica Samba","","Under 12 (-12)","B","Cross","Skating","All","0","11","","","","","","","","","","","Samba","","999","2",""
"","6784","","","2025-05-25","2025-05-25","","","SOLO&DUO","","Solo","Latin Style Tecnica Rumba","","Over 35 (35+)","B","Cross","Skating","All","35","99","","","","","","","","","","","Rumba","","999","",""
"","6783","","","2025-05-25","2025-05-25","","","SOLO&DUO","","Solo","Latin Style Tecnica Rumba","","Over 16 (16+)","B","Cross","Skating","All","16","99","","","","","","","","","","","Rumba","","999","2",""
"","6782","","","2025-05-25","2025-05-25","","","SOLO&DUO","","Solo","Latin Style Tecnica Rumba","","Under 16 (-16)","B","Cross","Skating","All","0","15","","","","","","","","","","","Rumba","","999","7",""
"","6781","","","2025-05-25","2025-05-25","","","SOLO&DUO","","Solo","Latin Style Tecnica Rumba","","Under 12 (-12)","B","Cross","Skating","All","0","11","","","","","","","","","","","Rumba","","999","1",""
"","6780","","","2025-05-25","2025-05-25","","","SOLO&DUO","","Solo","Latin Style Tecnica Cha Cha Cha","","Over 35 (35+)","B","Cross","Skating","All","35","99","","","","","","","","","","","Cha Cha Cha","","999","",""
"","6779","","","2025-05-25","2025-05-25","","","SOLO&DUO","","Solo","Latin Style Tecnica Cha Cha Cha","","Over 16 (16+)","B","Cross","Skating","All","16","99","","","","","","","","","","","Cha Cha Cha","","999","2",""
"","6778","","","2025-05-25","2025-05-25","","","SOLO&DUO","","Solo","Latin Style Tecnica Cha Cha Cha","","Under 16 (-16)","B","Cross","Skating","All","0","15","","","","","","","","","","","Cha Cha Cha","","999","7",""
"","6777","","","2025-05-25","2025-05-25","","","SOLO&DUO","","Solo","Latin Style Tecnica Cha Cha Cha","","Under 12 (-12)","B","Cross","Skating","All","0","11","","","","","","","","","","","Cha Cha Cha","","999","2",""
"","6775","","","2025-05-25","2025-05-25","","","DANZA","","Gruppo Danza","Caribbean Show Dance","","Over 35 (35+)","U","TCIS","TCIS","All","35","99","","","","25","","","","","","","Caribbean Show Dance","","999","3",""
"","6774","","","2025-05-25","2025-05-25","","","DANZA","","Piccolo Gruppo","Caribbean Show Dance","","Over 35 (35+)","U","TCIS","TCIS","All","35","99","","","","25","","","","","","","Caribbean Show Dance","","999","1",""
"","6773","","","2025-05-25","2025-05-25","","","DANZA","","Gruppo Danza","Caribbean Show Dance","","Over 16 (16+)","U","TCIS","TCIS","All","16","99","","","","","","","","","","","Caribbean Show Dance","","999","",""
"","6772","","","2025-05-25","2025-05-25","","","DANZA","","Piccolo Gruppo","Caribbean Show Dance","","Over 16 (16+)","U","TCIS","TCIS","All","16","99","","","","","","","","","","","Caribbean Show Dance","","999","",""
"","6771","","","2025-05-25","2025-05-25","","","DANZA","","Gruppo Danza","Caribbean Show Dance","","Under 16 (-16)","U","TCIS","TCIS","All","10","15","","","","25","","","","","","","Caribbean Show Dance","","999","",""
"","6770","","","2025-05-25","2025-05-25","","","DANZA","","Piccolo Gruppo","Caribbean Show Dance","","Under 16 (-16)","U","TCIS","TCIS","All","10","15","","","","","","","","","","","Caribbean Show Dance","","999","",""
"","6769","","","2025-05-25","2025-05-25","","","DANZA","","Gruppo Danza","Caribbean Show Dance","","Under 12 (-12)","U","TCIS","TCIS","All","8","12","","","","25","","","","","","","Caribbean Show Dance","","999","1",""
"","6768","","","2025-05-25","2025-05-25","","","DANZA","","Piccolo Gruppo","Caribbean Show Dance","","Under 12 (-12)","U","TCIS","TCIS","All","8","12","8","14","","25","","","","","","","Caribbean Show Dance","","999","",""
"","6767","","","2025-05-25","2025-05-25","","","DANZA","","Gruppo Danza","Latin Style Sincronizzato","","Over 35 (35+)","U","TCI","TCI","All","35","99","","","","","25","","","","","","Latin Style Sincronizzato","","999","",""
"","6766","","","2025-05-25","2025-05-25","","","DANZA","","Piccolo Gruppo","Latin Style Sincronizzato","","Over 35 (35+)","U","TCI","TCI","All","35","99","","","","","","","","","","","Latin Style Sincronizzato","","999","1",""
"","6765","","","2025-05-25","2025-05-25","","","DANZA","","Gruppo Danza","Latin Style Sincronizzato","","Over 16 (16+)","U","TCI","TCI","All","16","99","","","","25","25","","","","","","Latin Style Sincronizzato","","999","",""
"","6764","","","2025-05-25","2025-05-25","","","DANZA","","Piccolo Gruppo","Latin Style Sincronizzato","","Over 16 (16+)","U","TCI","TCI","All","16","99","","","","25","","","","","","","Latin Style Sincronizzato","","999","",""
"","6763","","","2025-05-25","2025-05-25","","","DANZA","","Gruppo Danza","Latin Style Sincronizzato","","Under 16 (-16)","U","TCI","TCI","All","8","16","","","","25","25","","","","","","Latin Style Sincronizzato","","999","1",""
"","6762","","","2025-05-25","2025-05-25","","","DANZA","","Piccolo Gruppo","Latin Style Sincronizzato","","Under 16 (-16)","U","TCI","TCI","All","8","16","","","","25","","","","","","","Latin Style Sincronizzato","","999","",""
"","6761","","","2025-05-25","2025-05-25","","","DANZA","","Gruppo Danza","Latin Style Sincronizzato","","Under 12 (-12)","U","TCI","TCI","All","8","12","","","","25","25","","","","","","Latin Style Sincronizzato","","999","2",""
"","6760","","","2025-05-25","2025-05-25","","","DANZA","","Piccolo Gruppo","Latin Style Sincronizzato","","Under 12 (-12)","U","TCI","TCI","All","8","12","","","","25","","","","","","","Latin Style Sincronizzato","","999","1",""
"","6759","","","2025-05-25","2025-05-25","","","DANZA","","Gruppo Danza","Latin Style Show","","Over 35 (35+)","U","TCIS","TCIS","All","35","99","","","","25","","","","","","","Latin Style Show","","999","1",""
"","6758","","","2025-05-25","2025-05-25","","","DANZA","","Piccolo Gruppo","Latin Style Show","","Over 35 (35+)","U","TCIS","TCIS","All","35","99","","","","25","","","","","","","Latin Style Show","","999","1",""
"","6757","","","2025-05-25","2025-05-25","","","DANZA","","Gruppo Danza","Latin Style Show","","Over 16 (16+)","U","TCIS","TCIS","All","16","99","","","","","","","","","","","Latin Style Show","","999","",""
"","6756","","","2025-05-25","2025-05-25","","","DANZA","","Piccolo Gruppo","Latin Style Show","","Over 16 (16+)","U","TCIS","TCIS","All","16","99","","","","","","","","","","","Latin Style Show","","999","",""
"","6755","","","2025-05-25","2025-05-25","","","DANZA","","Gruppo Danza","Latin Style Show","","Under 16 (-16)","U","TCIS","TCIS","All","10","15","","","","25","","","","","","","Latin Style Show","","999","",""
"","6754","","","2025-05-25","2025-05-25","","","DANZA","","Piccolo Gruppo","Latin Style Show","","Under 16 (-16)","U","TCIS","TCIS","All","10","15","","","","","","","","","","","Latin Style Show","","999","",""
"","6753","","","2025-05-25","2025-05-25","","","DANZA","","Gruppo Danza","Latin Style Show","","Under 12 (-12)","U","TCIS","TCIS","All","8","12","","","","25","","","","","","","Latin Style Show","","999","1",""
"","6752","","","2025-05-25","2025-05-25","","","DANZA","","Piccolo Gruppo","Latin Style Show","","Under 12 (-12)","U","TCIS","TCIS","All","8","12","8","14","","25","","","","","","","Latin Style Show","","999","",""
"","6751","","","2025-05-25","2025-05-25","","","DANZA","","Gruppo Danza","Show Dance","","Over 35 (35+)","U","TCIS","TCIS","All","35","99","","","","25","","","","","","","Show Dance","","999","2",""
"","6750","","","2025-05-25","2025-05-25","","","DANZA","","Piccolo Gruppo","Show Dance","","Over 35 (35+)","U","TCIS","TCIS","All","35","99","","99","","","","","","","","","Show Dance","","999","1",""
"","6749","","","2025-05-25","2025-05-25","","","DANZA","","Gruppo Danza","Show Dance","","Over 16 (16+)","U","TCIS","TCIS","All","16","99","","99","","","","","","","","","Show Dance","","999","",""
"","6748","","","2025-05-25","2025-05-25","","","DANZA","","Piccolo Gruppo","Show Dance","","Over 16 (16+)","U","TCIS","TCIS","All","16","99","","","","","","","","","","","Show Dance","","999","1",""
"","6747","","","2025-05-25","2025-05-25","","","DANZA","","Gruppo Danza","Show Dance","","Under 16 (-16)","U","TCIS","TCIS","All","10","16","","","","","","","","","","","Show Dance","","999","",""
"","6746","","","2025-05-25","2025-05-25","","","DANZA","","Piccolo Gruppo","Show Dance","","Under 16 (-16)","U","TCIS","TCIS","All","10","16","","","","","","","","","","","Show Dance","","999","2",""
"","6745","","","2025-05-25","2025-05-25","","","DANZA","","Gruppo Danza","Show Dance","","Under 12 (-12)","U","TCIS","TCIS","All","8","12","8","14","","25","","","","","","","Show Dance","","999","",""
"","6744","","","2025-05-25","2025-05-25","","","DANZA","","Piccolo Gruppo","Show Dance","","Under 12 (-12)","U","TCIS","TCIS","All","8","12","8","14","","25","","","","","","","Show Dance","","999","",""
"","6743","","","2025-05-25","2025-05-25","","","DANZA","","Gruppo Danza","Latin Style Coreografico","","Over 35 (35+)","U","TCI","TCI","All","35","99","","","","","100","","","","","","Latin Style Coreografico","","999","",""
"","6742","","","2025-05-25","2025-05-25","","","DANZA","","Piccolo Gruppo","Latin Style Coreografico","","Over 35 (35+)","U","TCI","TCI","All","35","99","","","","","","","","","","","Latin Style Coreografico","","999","",""
"","6741","","","2025-05-25","2025-05-25","","","DANZA","","Gruppo Danza","Latin Style Coreografico","","Over 16 (16+)","U","TCI","TCI","All","16","99","15","99","","100","25","","","","","","Latin Style Coreografico","","999","",""
"","6740","","","2025-05-25","2025-05-25","","","DANZA","","Piccolo Gruppo","Latin Style Coreografico","","Over 16 (16+)","U","TCI","TCI","All","16","99","15","99","","25","","","","","","","Latin Style Coreografico","","999","",""
"","6739","","","2025-05-25","2025-05-25","","","DANZA","","Gruppo Danza","Latin Style Coreografico","","Under 16 (-16)","U","TCI","TCI","All","8","16","8","18","","25","25","","","","","","Latin Style Coreografico","","999","1",""
"","6738","","","2025-05-25","2025-05-25","","","DANZA","","Piccolo Gruppo","Latin Style Coreografico","","Under 16 (-16)","U","TCI","TCI","All","8","16","8","18","","25","","","","","","","Latin Style Coreografico","","999","1",""
"","6737","","","2025-05-25","2025-05-25","","","DANZA","","Gruppo Danza","Latin Style Coreografico","","Under 12 (-12)","U","TCI","TCI","All","8","12","8","14","","25","25","","","","","","Latin Style Coreografico","","999","",""
"","6736","","","2025-05-25","2025-05-25","","","DANZA","","Piccolo Gruppo","Latin Style Coreografico","","Under 12 (-12)","U","TCI","TCI","All","8","12","8","14","","25","","","","","","","Latin Style Coreografico","","999","",""